2026-07-11 16:36:31.164 [restartedMain] INFO  c.e.s.ScheduledMessagingApplication [traceId=] - Starting ScheduledMessagingApplication using Java 26 with PID 42656 (C:\Users\geeth\522\ReactCourse\scheduled-messaging-platform\backend\target\classes started by geeth in C:\Users\geeth\522\ReactCourse\scheduled-messaging-platform\backend)
2026-07-11 16:36:31.172 [restartedMain] INFO  c.e.s.ScheduledMessagingApplication [traceId=] - The following 1 profile is active: "prod"
2026-07-11 16:36:33.426 [restartedMain] INFO  c.e.scheduler.config.DatabaseConfig [traceId=] - Found database URL with embedded credentials. Parsing and converting to standard JDBC format...
2026-07-11 16:36:33.428 [restartedMain] INFO  c.e.scheduler.config.DatabaseConfig [traceId=] - Configuring HikariDataSource with auto-converted JDBC URL: jdbc:mysql://localhost:3306/scheduled_messaging
2026-07-11 16:36:38.565 [restartedMain] WARN  o.s.b.a.o.j.JpaBaseConfiguration$JpaWebConfiguration [traceId=] - spring.jpa.open-in-view is enabled by default. Therefore, database queries may be performed during view rendering. Explicitly configure spring.jpa.open-in-view to disable this warning
2026-07-11 16:36:39.355 [restartedMain] INFO  c.e.s.ScheduledMessagingApplication [traceId=] - Started ScheduledMessagingApplication in 8.727 seconds (process running for 9.217)
2026-07-11 16:40:42.274 [http-nio-8080-exec-2] INFO  c.e.s.c.WebSocketHandshakeInterceptor [traceId=6f156a50-e5dc-4dd3-b85d-1257d39deb65] - WebSocket handshake successful for user: gnanitha@gmail.com
2026-07-11 16:40:42.279 [http-nio-8080-exec-1] INFO  c.e.s.c.WebSocketHandshakeInterceptor [traceId=aced259d-1825-4f41-bac3-2369787f3e49] - WebSocket handshake successful for user: gnanitha@gmail.com
2026-07-11 16:40:42.387 [http-nio-8080-exec-2] INFO  c.e.s.config.ChatWebSocketHandler [traceId=] - WebSocket connection established for user: gnanitha@gmail.com
2026-07-11 16:40:42.388 [http-nio-8080-exec-1] INFO  c.e.s.config.ChatWebSocketHandler [traceId=] - WebSocket connection established for user: gnanitha@gmail.com
2026-07-11 16:40:42.481 [http-nio-8080-exec-2] ERROR c.e.s.config.ChatWebSocketHandler [traceId=] - Failed to broadcast status change for gnanitha@gmail.com
org.hibernate.LazyInitializationException: Could not initialize proxy [com.enterprise.scheduler.user.User#2] - no session
	at org.hibernate.proxy.AbstractLazyInitializer.initialize(AbstractLazyInitializer.java:174)
	at org.hibernate.proxy.AbstractLazyInitializer.getImplementation(AbstractLazyInitializer.java:328)
	at org.hibernate.proxy.pojo.bytebuddy.ByteBuddyInterceptor.intercept(ByteBuddyInterceptor.java:44)
	at org.hibernate.proxy.ProxyConfiguration$InterceptorDispatcher.intercept(ProxyConfiguration.java:102)
	at com.enterprise.scheduler.user.User$HibernateProxy.getEmail(Unknown Source)
	at com.enterprise.scheduler.config.ChatWebSocketHandler.broadcastStatusChange(ChatWebSocketHandler.java:143)
	at com.enterprise.scheduler.config.ChatWebSocketHandler.afterConnectionEstablished(ChatWebSocketHandler.java:57)
	at org.springframework.web.socket.handler.WebSocketHandlerDecorator.afterConnectionEstablished(WebSocketHandlerDecorator.java:70)
	at org.springframework.web.socket.handler.LoggingWebSocketHandlerDecorator.afterConnectionEstablished(LoggingWebSocketHandlerDecorator.java:48)
	at org.springframework.web.socket.handler.ExceptionWebSocketHandlerDecorator.afterConnectionEstablished(ExceptionWebSocketHandlerDecorator.java:48)
	at org.springframework.web.socket.adapter.standard.StandardWebSocketHandlerAdapter.onOpen(StandardWebSocketHandlerAdapter.java:103)
	at org.apache.tomcat.websocket.server.WsHttpUpgradeHandler.init(WsHttpUpgradeHandler.java:131)
	at org.apache.coyote.AbstractProtocol$ConnectionHandler.process(AbstractProtocol.java:945)
	at org.apache.tomcat.util.net.NioEndpoint$SocketProcessor.doRun(NioEndpoint.java:1740)
	at org.apache.tomcat.util.net.SocketProcessorBase.run(SocketProcessorBase.java:52)
	at org.apache.tomcat.util.threads.ThreadPoolExecutor.runWorker(ThreadPoolExecutor.java:1189)
	at org.apache.tomcat.util.threads.ThreadPoolExecutor$Worker.run(ThreadPoolExecutor.java:658)
	at org.apache.tomcat.util.threads.TaskThread$WrappingRunnable.run(TaskThread.java:63)
	at java.base/java.lang.Thread.run(Thread.java:1516)
2026-07-11 16:40:42.452 [http-nio-8080-exec-1] ERROR c.e.s.config.ChatWebSocketHandler [traceId=] - Failed to update last seen on connect
org.springframework.orm.ObjectOptimisticLockingFailureException: Row was updated or deleted by another transaction (or unsaved-value mapping was incorrect): [com.enterprise.scheduler.user.User#3]
	at org.springframework.orm.jpa.vendor.HibernateJpaDialect.convertHibernateAccessException(HibernateJpaDialect.java:329)
	at org.springframework.orm.jpa.vendor.HibernateJpaDialect.convertHibernateAccessException(HibernateJpaDialect.java:256)
	at org.springframework.orm.jpa.vendor.HibernateJpaDialect.translateExceptionIfPossible(HibernateJpaDialect.java:244)
	at org.springframework.orm.jpa.JpaTransactionManager.doCommit(JpaTransactionManager.java:566)
	at org.springframework.transaction.support.AbstractPlatformTransactionManager.processCommit(AbstractPlatformTransactionManager.java:795)
	at org.springframework.transaction.support.AbstractPlatformTransactionManager.commit(AbstractPlatformTransactionManager.java:758)
	at org.springframework.transaction.interceptor.TransactionAspectSupport.commitTransactionAfterReturning(TransactionAspectSupport.java:698)
	at org.springframework.transaction.interceptor.TransactionAspectSupport.invokeWithinTransaction(TransactionAspectSupport.java:416)
	at org.springframework.transaction.interceptor.TransactionInterceptor.invoke(TransactionInterceptor.java:119)
	at org.springframework.aop.framework.ReflectiveMethodInvocation.proceed(ReflectiveMethodInvocation.java:184)
	at org.springframework.dao.support.PersistenceExceptionTranslationInterceptor.invoke(PersistenceExceptionTranslationInterceptor.java:138)
	at org.springframework.aop.framework.ReflectiveMethodInvocation.proceed(ReflectiveMethodInvocation.java:184)
	at org.springframework.data.jpa.repository.support.CrudMethodMetadataPostProcessor$CrudMethodMetadataPopulatingMethodInterceptor.invoke(CrudMethodMetadataPostProcessor.java:165)
	at org.springframework.aop.framework.ReflectiveMethodInvocation.proceed(ReflectiveMethodInvocation.java:184)
	at org.springframework.aop.framework.JdkDynamicAopProxy.invoke(JdkDynamicAopProxy.java:223)
	at jdk.proxy4/jdk.proxy4.$Proxy182.save(Unknown Source)
	at com.enterprise.scheduler.config.ChatWebSocketHandler.lambda$afterConnectionEstablished$0(ChatWebSocketHandler.java:51)
	at java.base/java.util.Optional.ifPresent(Optional.java:182)
	at com.enterprise.scheduler.config.ChatWebSocketHandler.afterConnectionEstablished(ChatWebSocketHandler.java:49)
	at org.springframework.web.socket.handler.WebSocketHandlerDecorator.afterConnectionEstablished(WebSocketHandlerDecorator.java:70)
	at org.springframework.web.socket.handler.LoggingWebSocketHandlerDecorator.afterConnectionEstablished(LoggingWebSocketHandlerDecorator.java:48)
	at org.springframework.web.socket.handler.ExceptionWebSocketHandlerDecorator.afterConnectionEstablished(ExceptionWebSocketHandlerDecorator.java:48)
	at org.springframework.web.socket.adapter.standard.StandardWebSocketHandlerAdapter.onOpen(StandardWebSocketHandlerAdapter.java:103)
	at org.apache.tomcat.websocket.server.WsHttpUpgradeHandler.init(WsHttpUpgradeHandler.java:131)
	at org.apache.coyote.AbstractProtocol$ConnectionHandler.process(AbstractProtocol.java:945)
	at org.apache.tomcat.util.net.NioEndpoint$SocketProcessor.doRun(NioEndpoint.java:1740)
	at org.apache.tomcat.util.net.SocketProcessorBase.run(SocketProcessorBase.java:52)
	at org.apache.tomcat.util.threads.ThreadPoolExecutor.runWorker(ThreadPoolExecutor.java:1189)
	at org.apache.tomcat.util.threads.ThreadPoolExecutor$Worker.run(ThreadPoolExecutor.java:658)
	at org.apache.tomcat.util.threads.TaskThread$WrappingRunnable.run(TaskThread.java:63)
	at java.base/java.lang.Thread.run(Thread.java:1516)
Caused by: org.hibernate.StaleObjectStateException: Row was updated or deleted by another transaction (or unsaved-value mapping was incorrect): [com.enterprise.scheduler.user.User#3]
	at org.hibernate.engine.jdbc.mutation.internal.ModelMutationHelper.identifiedResultsCheck(ModelMutationHelper.java:75)
	at org.hibernate.persister.entity.mutation.UpdateCoordinatorStandard.lambda$doStaticUpdate$9(UpdateCoordinatorStandard.java:785)
	at org.hibernate.engine.jdbc.mutation.internal.ModelMutationHelper.checkResults(ModelMutationHelper.java:50)
	at org.hibernate.engine.jdbc.mutation.internal.AbstractMutationExecutor.performNonBatchedMutation(AbstractMutationExecutor.java:141)
	at org.hibernate.engine.jdbc.mutation.internal.MutationExecutorSingleNonBatched.performNonBatchedOperations(MutationExecutorSingleNonBatched.java:55)
	at org.hibernate.engine.jdbc.mutation.internal.AbstractMutationExecutor.execute(AbstractMutationExecutor.java:55)
	at org.hibernate.persister.entity.mutation.UpdateCoordinatorStandard.doStaticUpdate(UpdateCoordinatorStandard.java:781)
	at org.hibernate.persister.entity.mutation.UpdateCoordinatorStandard.performUpdate(UpdateCoordinatorStandard.java:328)
	at org.hibernate.persister.entity.mutation.UpdateCoordinatorStandard.update(UpdateCoordinatorStandard.java:245)
	at org.hibernate.action.internal.EntityUpdateAction.execute(EntityUpdateAction.java:169)
	at org.hibernate.engine.spi.ActionQueue.executeActions(ActionQueue.java:644)
	at org.hibernate.engine.spi.ActionQueue.executeActions(ActionQueue.java:511)
	at org.hibernate.event.internal.AbstractFlushingEventListener.performExecutions(AbstractFlushingEventListener.java:414)
	at org.hibernate.event.internal.DefaultFlushEventListener.onFlush(DefaultFlushEventListener.java:41)
	at org.hibernate.event.service.internal.EventListenerGroupImpl.fireEventOnEachListener(EventListenerGroupImpl.java:127)
	at org.hibernate.internal.SessionImpl.doFlush(SessionImpl.java:1429)
	at org.hibernate.internal.SessionImpl.managedFlush(SessionImpl.java:491)
	at org.hibernate.internal.SessionImpl.flushBeforeTransactionCompletion(SessionImpl.java:2354)
	at org.hibernate.internal.SessionImpl.beforeTransactionCompletion(SessionImpl.java:1978)
	at org.hibernate.engine.jdbc.internal.JdbcCoordinatorImpl.beforeTransactionCompletion(JdbcCoordinatorImpl.java:439)
	at org.hibernate.resource.transaction.backend.jdbc.internal.JdbcResourceLocalTransactionCoordinatorImpl.beforeCompletionCallback(JdbcResourceLocalTransactionCoordinatorImpl.java:169)
	at org.hibernate.resource.transaction.backend.jdbc.internal.JdbcResourceLocalTransactionCoordinatorImpl$TransactionDriverControlImpl.commit(JdbcResourceLocalTransactionCoordinatorImpl.java:267)
	at org.hibernate.engine.transaction.internal.TransactionImpl.commit(TransactionImpl.java:101)
	at org.springframework.orm.jpa.JpaTransactionManager.doCommit(JpaTransactionManager.java:562)
	... 27 common frames omitted
2026-07-11 16:40:42.568 [http-nio-8080-exec-2] INFO  c.e.s.config.ChatWebSocketHandler [traceId=] - WebSocket connection closed for user: gnanitha@gmail.com with status: CloseStatus[code=1006, reason=An established connection was aborted by the software in your host machine]
2026-07-11 16:40:42.643 [http-nio-8080-exec-1] ERROR c.e.s.config.ChatWebSocketHandler [traceId=] - Failed to broadcast status change for gnanitha@gmail.com
org.hibernate.LazyInitializationException: Could not initialize proxy [com.enterprise.scheduler.user.User#2] - no session
	at org.hibernate.proxy.AbstractLazyInitializer.initialize(AbstractLazyInitializer.java:174)
	at org.hibernate.proxy.AbstractLazyInitializer.getImplementation(AbstractLazyInitializer.java:328)
	at org.hibernate.proxy.pojo.bytebuddy.ByteBuddyInterceptor.intercept(ByteBuddyInterceptor.java:44)
	at org.hibernate.proxy.ProxyConfiguration$InterceptorDispatcher.intercept(ProxyConfiguration.java:102)
	at com.enterprise.scheduler.user.User$HibernateProxy.getEmail(Unknown Source)
	at com.enterprise.scheduler.config.ChatWebSocketHandler.broadcastStatusChange(ChatWebSocketHandler.java:143)
	at com.enterprise.scheduler.config.ChatWebSocketHandler.afterConnectionEstablished(ChatWebSocketHandler.java:57)
	at org.springframework.web.socket.handler.WebSocketHandlerDecorator.afterConnectionEstablished(WebSocketHandlerDecorator.java:70)
	at org.springframework.web.socket.handler.LoggingWebSocketHandlerDecorator.afterConnectionEstablished(LoggingWebSocketHandlerDecorator.java:48)
	at org.springframework.web.socket.handler.ExceptionWebSocketHandlerDecorator.afterConnectionEstablished(ExceptionWebSocketHandlerDecorator.java:48)
	at org.springframework.web.socket.adapter.standard.StandardWebSocketHandlerAdapter.onOpen(StandardWebSocketHandlerAdapter.java:103)
	at org.apache.tomcat.websocket.server.WsHttpUpgradeHandler.init(WsHttpUpgradeHandler.java:131)
	at org.apache.coyote.AbstractProtocol$ConnectionHandler.process(AbstractProtocol.java:945)
	at org.apache.tomcat.util.net.NioEndpoint$SocketProcessor.doRun(NioEndpoint.java:1740)
	at org.apache.tomcat.util.net.SocketProcessorBase.run(SocketProcessorBase.java:52)
	at org.apache.tomcat.util.threads.ThreadPoolExecutor.runWorker(ThreadPoolExecutor.java:1189)
	at org.apache.tomcat.util.threads.ThreadPoolExecutor$Worker.run(ThreadPoolExecutor.java:658)
	at org.apache.tomcat.util.threads.TaskThread$WrappingRunnable.run(TaskThread.java:63)
	at java.base/java.lang.Thread.run(Thread.java:1516)
2026-07-11 16:40:42.696 [http-nio-8080-exec-2] ERROR c.e.s.config.ChatWebSocketHandler [traceId=] - Failed to broadcast status change for gnanitha@gmail.com
org.hibernate.LazyInitializationException: Could not initialize proxy [com.enterprise.scheduler.user.User#2] - no session
	at org.hibernate.proxy.AbstractLazyInitializer.initialize(AbstractLazyInitializer.java:174)
	at org.hibernate.proxy.AbstractLazyInitializer.getImplementation(AbstractLazyInitializer.java:328)
	at org.hibernate.proxy.pojo.bytebuddy.ByteBuddyInterceptor.intercept(ByteBuddyInterceptor.java:44)
	at org.hibernate.proxy.ProxyConfiguration$InterceptorDispatcher.intercept(ProxyConfiguration.java:102)
	at com.enterprise.scheduler.user.User$HibernateProxy.getEmail(Unknown Source)
	at com.enterprise.scheduler.config.ChatWebSocketHandler.broadcastStatusChange(ChatWebSocketHandler.java:143)
	at com.enterprise.scheduler.config.ChatWebSocketHandler.afterConnectionClosed(ChatWebSocketHandler.java:78)
	at org.springframework.web.socket.handler.WebSocketHandlerDecorator.afterConnectionClosed(WebSocketHandlerDecorator.java:85)
	at org.springframework.web.socket.handler.LoggingWebSocketHandlerDecorator.afterConnectionClosed(LoggingWebSocketHandlerDecorator.java:72)
	at org.springframework.web.socket.handler.ExceptionWebSocketHandlerDecorator.afterConnectionClosed(ExceptionWebSocketHandlerDecorator.java:78)
	at org.springframework.web.socket.adapter.standard.StandardWebSocketHandlerAdapter.onClose(StandardWebSocketHandlerAdapter.java:144)
	at org.apache.tomcat.websocket.WsSession.fireEndpointOnClose(WsSession.java:719)
	at org.apache.tomcat.websocket.WsSession.onClose(WsSession.java:627)
	at org.apache.tomcat.websocket.server.WsHttpUpgradeHandler.close(WsHttpUpgradeHandler.java:256)
	at org.apache.tomcat.websocket.server.WsHttpUpgradeHandler.upgradeDispatch(WsHttpUpgradeHandler.java:158)
	at org.apache.coyote.http11.upgrade.UpgradeProcessorInternal.dispatch(UpgradeProcessorInternal.java:60)
	at org.apache.coyote.AbstractProcessorLight.process(AbstractProcessorLight.java:57)
	at org.apache.coyote.AbstractProtocol$ConnectionHandler.process(AbstractProtocol.java:903)
	at org.apache.tomcat.util.net.NioEndpoint$SocketProcessor.doRun(NioEndpoint.java:1740)
	at org.apache.tomcat.util.net.SocketProcessorBase.run(SocketProcessorBase.java:52)
	at org.apache.tomcat.util.threads.ThreadPoolExecutor.runWorker(ThreadPoolExecutor.java:1189)
	at org.apache.tomcat.util.threads.ThreadPoolExecutor$Worker.run(ThreadPoolExecutor.java:658)
	at org.apache.tomcat.util.threads.TaskThread$WrappingRunnable.run(TaskThread.java:63)
	at java.base/java.lang.Thread.run(Thread.java:1516)
2026-07-11 16:41:04.537 [http-nio-8080-exec-10] INFO  c.e.s.config.ChatWebSocketHandler [traceId=] - WebSocket connection closed for user: gnanitha@gmail.com with status: CloseStatus[code=1000, reason=null]
2026-07-11 16:41:04.569 [http-nio-8080-exec-10] ERROR c.e.s.config.ChatWebSocketHandler [traceId=] - Failed to broadcast status change for gnanitha@gmail.com
org.hibernate.LazyInitializationException: Could not initialize proxy [com.enterprise.scheduler.user.User#2] - no session
	at org.hibernate.proxy.AbstractLazyInitializer.initialize(AbstractLazyInitializer.java:174)
	at org.hibernate.proxy.AbstractLazyInitializer.getImplementation(AbstractLazyInitializer.java:328)
	at org.hibernate.proxy.pojo.bytebuddy.ByteBuddyInterceptor.intercept(ByteBuddyInterceptor.java:44)
	at org.hibernate.proxy.ProxyConfiguration$InterceptorDispatcher.intercept(ProxyConfiguration.java:102)
	at com.enterprise.scheduler.user.User$HibernateProxy.getEmail(Unknown Source)
	at com.enterprise.scheduler.config.ChatWebSocketHandler.broadcastStatusChange(ChatWebSocketHandler.java:143)
	at com.enterprise.scheduler.config.ChatWebSocketHandler.afterConnectionClosed(ChatWebSocketHandler.java:78)
	at org.springframework.web.socket.handler.WebSocketHandlerDecorator.afterConnectionClosed(WebSocketHandlerDecorator.java:85)
	at org.springframework.web.socket.handler.LoggingWebSocketHandlerDecorator.afterConnectionClosed(LoggingWebSocketHandlerDecorator.java:72)
	at org.springframework.web.socket.handler.ExceptionWebSocketHandlerDecorator.afterConnectionClosed(ExceptionWebSocketHandlerDecorator.java:78)
	at org.springframework.web.socket.adapter.standard.StandardWebSocketHandlerAdapter.onClose(StandardWebSocketHandlerAdapter.java:144)
	at org.apache.tomcat.websocket.WsSession.fireEndpointOnClose(WsSession.java:719)
	at org.apache.tomcat.websocket.WsSession.onClose(WsSession.java:627)
	at org.apache.tomcat.websocket.WsFrameBase.processDataControl(WsFrameBase.java:346)
	at org.apache.tomcat.websocket.WsFrameBase.processData(WsFrameBase.java:278)
	at org.apache.tomcat.websocket.WsFrameBase.processInputBuffer(WsFrameBase.java:129)
	at org.apache.tomcat.websocket.server.WsFrameServer.onDataAvailable(WsFrameServer.java:85)
	at org.apache.tomcat.websocket.server.WsFrameServer.doOnDataAvailable(WsFrameServer.java:184)
	at org.apache.tomcat.websocket.server.WsFrameServer.notifyDataAvailable(WsFrameServer.java:164)
	at org.apache.tomcat.websocket.server.WsHttpUpgradeHandler.upgradeDispatch(WsHttpUpgradeHandler.java:152)
	at org.apache.coyote.http11.upgrade.UpgradeProcessorInternal.dispatch(UpgradeProcessorInternal.java:60)
	at org.apache.coyote.AbstractProcessorLight.process(AbstractProcessorLight.java:57)
	at org.apache.coyote.AbstractProtocol$ConnectionHandler.process(AbstractProtocol.java:903)
	at org.apache.tomcat.util.net.NioEndpoint$SocketProcessor.doRun(NioEndpoint.java:1740)
	at org.apache.tomcat.util.net.SocketProcessorBase.run(SocketProcessorBase.java:52)
	at org.apache.tomcat.util.threads.ThreadPoolExecutor.runWorker(ThreadPoolExecutor.java:1189)
	at org.apache.tomcat.util.threads.ThreadPoolExecutor$Worker.run(ThreadPoolExecutor.java:658)
	at org.apache.tomcat.util.threads.TaskThread$WrappingRunnable.run(TaskThread.java:63)
	at java.base/java.lang.Thread.run(Thread.java:1516)
2026-07-11 16:41:07.293 [http-nio-8080-exec-8] INFO  c.e.s.c.WebSocketHandshakeInterceptor [traceId=7b25d020-7caf-4329-b93e-43d3f49947ff] - WebSocket handshake successful for user: gnanitha@gmail.com
2026-07-11 16:41:07.299 [http-nio-8080-exec-8] INFO  c.e.s.config.ChatWebSocketHandler [traceId=] - WebSocket connection established for user: gnanitha@gmail.com
2026-07-11 16:41:07.311 [http-nio-8080-exec-2] INFO  c.e.s.c.WebSocketHandshakeInterceptor [traceId=f9ce4bcb-ae83-41f7-a038-26a293d72a1b] - WebSocket handshake successful for user: gnanitha@gmail.com
2026-07-11 16:41:07.314 [http-nio-8080-exec-2] INFO  c.e.s.config.ChatWebSocketHandler [traceId=] - WebSocket connection established for user: gnanitha@gmail.com
2026-07-11 16:41:07.337 [http-nio-8080-exec-8] ERROR c.e.s.config.ChatWebSocketHandler [traceId=] - Failed to broadcast status change for gnanitha@gmail.com
org.hibernate.LazyInitializationException: Could not initialize proxy [com.enterprise.scheduler.user.User#2] - no session
	at org.hibernate.proxy.AbstractLazyInitializer.initialize(AbstractLazyInitializer.java:174)
	at org.hibernate.proxy.AbstractLazyInitializer.getImplementation(AbstractLazyInitializer.java:328)
	at org.hibernate.proxy.pojo.bytebuddy.ByteBuddyInterceptor.intercept(ByteBuddyInterceptor.java:44)
	at org.hibernate.proxy.ProxyConfiguration$InterceptorDispatcher.intercept(ProxyConfiguration.java:102)
	at com.enterprise.scheduler.user.User$HibernateProxy.getEmail(Unknown Source)
	at com.enterprise.scheduler.config.ChatWebSocketHandler.broadcastStatusChange(ChatWebSocketHandler.java:143)
	at com.enterprise.scheduler.config.ChatWebSocketHandler.afterConnectionEstablished(ChatWebSocketHandler.java:57)
	at org.springframework.web.socket.handler.WebSocketHandlerDecorator.afterConnectionEstablished(WebSocketHandlerDecorator.java:70)
	at org.springframework.web.socket.handler.LoggingWebSocketHandlerDecorator.afterConnectionEstablished(LoggingWebSocketHandlerDecorator.java:48)
	at org.springframework.web.socket.handler.ExceptionWebSocketHandlerDecorator.afterConnectionEstablished(ExceptionWebSocketHandlerDecorator.java:48)
	at org.springframework.web.socket.adapter.standard.StandardWebSocketHandlerAdapter.onOpen(StandardWebSocketHandlerAdapter.java:103)
	at org.apache.tomcat.websocket.server.WsHttpUpgradeHandler.init(WsHttpUpgradeHandler.java:131)
	at org.apache.coyote.AbstractProtocol$ConnectionHandler.process(AbstractProtocol.java:945)
	at org.apache.tomcat.util.net.NioEndpoint$SocketProcessor.doRun(NioEndpoint.java:1740)
	at org.apache.tomcat.util.net.SocketProcessorBase.run(SocketProcessorBase.java:52)
	at org.apache.tomcat.util.threads.ThreadPoolExecutor.runWorker(ThreadPoolExecutor.java:1189)
	at org.apache.tomcat.util.threads.ThreadPoolExecutor$Worker.run(ThreadPoolExecutor.java:658)
	at org.apache.tomcat.util.threads.TaskThread$WrappingRunnable.run(TaskThread.java:63)
	at java.base/java.lang.Thread.run(Thread.java:1516)
2026-07-11 16:41:07.342 [http-nio-8080-exec-8] INFO  c.e.s.config.ChatWebSocketHandler [traceId=] - WebSocket connection closed for user: gnanitha@gmail.com with status: CloseStatus[code=1006, reason=An established connection was aborted by the software in your host machine]
2026-07-11 16:41:07.457 [http-nio-8080-exec-2] ERROR c.e.s.config.ChatWebSocketHandler [traceId=] - Failed to broadcast status change for gnanitha@gmail.com
org.hibernate.LazyInitializationException: Could not initialize proxy [com.enterprise.scheduler.user.User#2] - no session
	at org.hibernate.proxy.AbstractLazyInitializer.initialize(AbstractLazyInitializer.java:174)
	at org.hibernate.proxy.AbstractLazyInitializer.getImplementation(AbstractLazyInitializer.java:328)
	at org.hibernate.proxy.pojo.bytebuddy.ByteBuddyInterceptor.intercept(ByteBuddyInterceptor.java:44)
	at org.hibernate.proxy.ProxyConfiguration$InterceptorDispatcher.intercept(ProxyConfiguration.java:102)
	at com.enterprise.scheduler.user.User$HibernateProxy.getEmail(Unknown Source)
	at com.enterprise.scheduler.config.ChatWebSocketHandler.broadcastStatusChange(ChatWebSocketHandler.java:143)
	at com.enterprise.scheduler.config.ChatWebSocketHandler.afterConnectionEstablished(ChatWebSocketHandler.java:57)
	at org.springframework.web.socket.handler.WebSocketHandlerDecorator.afterConnectionEstablished(WebSocketHandlerDecorator.java:70)
	at org.springframework.web.socket.handler.LoggingWebSocketHandlerDecorator.afterConnectionEstablished(LoggingWebSocketHandlerDecorator.java:48)
	at org.springframework.web.socket.handler.ExceptionWebSocketHandlerDecorator.afterConnectionEstablished(ExceptionWebSocketHandlerDecorator.java:48)
	at org.springframework.web.socket.adapter.standard.StandardWebSocketHandlerAdapter.onOpen(StandardWebSocketHandlerAdapter.java:103)
	at org.apache.tomcat.websocket.server.WsHttpUpgradeHandler.init(WsHttpUpgradeHandler.java:131)
	at org.apache.coyote.AbstractProtocol$ConnectionHandler.process(AbstractProtocol.java:945)
	at org.apache.tomcat.util.net.NioEndpoint$SocketProcessor.doRun(NioEndpoint.java:1740)
	at org.apache.tomcat.util.net.SocketProcessorBase.run(SocketProcessorBase.java:52)
	at org.apache.tomcat.util.threads.ThreadPoolExecutor.runWorker(ThreadPoolExecutor.java:1189)
	at org.apache.tomcat.util.threads.ThreadPoolExecutor$Worker.run(ThreadPoolExecutor.java:658)
	at org.apache.tomcat.util.threads.TaskThread$WrappingRunnable.run(TaskThread.java:63)
	at java.base/java.lang.Thread.run(Thread.java:1516)
2026-07-11 16:41:07.481 [http-nio-8080-exec-8] ERROR c.e.s.config.ChatWebSocketHandler [traceId=] - Failed to broadcast status change for gnanitha@gmail.com
org.hibernate.LazyInitializationException: Could not initialize proxy [com.enterprise.scheduler.user.User#2] - no session
	at org.hibernate.proxy.AbstractLazyInitializer.initialize(AbstractLazyInitializer.java:174)
	at org.hibernate.proxy.AbstractLazyInitializer.getImplementation(AbstractLazyInitializer.java:328)
	at org.hibernate.proxy.pojo.bytebuddy.ByteBuddyInterceptor.intercept(ByteBuddyInterceptor.java:44)
	at org.hibernate.proxy.ProxyConfiguration$InterceptorDispatcher.intercept(ProxyConfiguration.java:102)
	at com.enterprise.scheduler.user.User$HibernateProxy.getEmail(Unknown Source)
	at com.enterprise.scheduler.config.ChatWebSocketHandler.broadcastStatusChange(ChatWebSocketHandler.java:143)
	at com.enterprise.scheduler.config.ChatWebSocketHandler.afterConnectionClosed(ChatWebSocketHandler.java:78)
	at org.springframework.web.socket.handler.WebSocketHandlerDecorator.afterConnectionClosed(WebSocketHandlerDecorator.java:85)
	at org.springframework.web.socket.handler.LoggingWebSocketHandlerDecorator.afterConnectionClosed(LoggingWebSocketHandlerDecorator.java:72)
	at org.springframework.web.socket.handler.ExceptionWebSocketHandlerDecorator.afterConnectionClosed(ExceptionWebSocketHandlerDecorator.java:78)
	at org.springframework.web.socket.adapter.standard.StandardWebSocketHandlerAdapter.onClose(StandardWebSocketHandlerAdapter.java:144)
	at org.apache.tomcat.websocket.WsSession.fireEndpointOnClose(WsSession.java:719)
	at org.apache.tomcat.websocket.WsSession.onClose(WsSession.java:627)
	at org.apache.tomcat.websocket.server.WsHttpUpgradeHandler.close(WsHttpUpgradeHandler.java:256)
	at org.apache.tomcat.websocket.server.WsHttpUpgradeHandler.upgradeDispatch(WsHttpUpgradeHandler.java:158)
	at org.apache.coyote.http11.upgrade.UpgradeProcessorInternal.dispatch(UpgradeProcessorInternal.java:60)
	at org.apache.coyote.AbstractProcessorLight.process(AbstractProcessorLight.java:57)
	at org.apache.coyote.AbstractProtocol$ConnectionHandler.process(AbstractProtocol.java:903)
	at org.apache.tomcat.util.net.NioEndpoint$SocketProcessor.doRun(NioEndpoint.java:1740)
	at org.apache.tomcat.util.net.SocketProcessorBase.run(SocketProcessorBase.java:52)
	at org.apache.tomcat.util.threads.ThreadPoolExecutor.runWorker(ThreadPoolExecutor.java:1189)
	at org.apache.tomcat.util.threads.ThreadPoolExecutor$Worker.run(ThreadPoolExecutor.java:658)
	at org.apache.tomcat.util.threads.TaskThread$WrappingRunnable.run(TaskThread.java:63)
	at java.base/java.lang.Thread.run(Thread.java:1516)
2026-07-11 16:41:10.169 [http-nio-8080-exec-5] INFO  c.e.s.config.ChatWebSocketHandler [traceId=] - WebSocket connection closed for user: gnanitha@gmail.com with status: CloseStatus[code=1000, reason=null]
2026-07-11 16:41:10.194 [http-nio-8080-exec-5] ERROR c.e.s.config.ChatWebSocketHandler [traceId=] - Failed to broadcast status change for gnanitha@gmail.com
org.hibernate.LazyInitializationException: Could not initialize proxy [com.enterprise.scheduler.user.User#2] - no session
	at org.hibernate.proxy.AbstractLazyInitializer.initialize(AbstractLazyInitializer.java:174)
	at org.hibernate.proxy.AbstractLazyInitializer.getImplementation(AbstractLazyInitializer.java:328)
	at org.hibernate.proxy.pojo.bytebuddy.ByteBuddyInterceptor.intercept(ByteBuddyInterceptor.java:44)
	at org.hibernate.proxy.ProxyConfiguration$InterceptorDispatcher.intercept(ProxyConfiguration.java:102)
	at com.enterprise.scheduler.user.User$HibernateProxy.getEmail(Unknown Source)
	at com.enterprise.scheduler.config.ChatWebSocketHandler.broadcastStatusChange(ChatWebSocketHandler.java:143)
	at com.enterprise.scheduler.config.ChatWebSocketHandler.afterConnectionClosed(ChatWebSocketHandler.java:78)
	at org.springframework.web.socket.handler.WebSocketHandlerDecorator.afterConnectionClosed(WebSocketHandlerDecorator.java:85)
	at org.springframework.web.socket.handler.LoggingWebSocketHandlerDecorator.afterConnectionClosed(LoggingWebSocketHandlerDecorator.java:72)
	at org.springframework.web.socket.handler.ExceptionWebSocketHandlerDecorator.afterConnectionClosed(ExceptionWebSocketHandlerDecorator.java:78)
	at org.springframework.web.socket.adapter.standard.StandardWebSocketHandlerAdapter.onClose(StandardWebSocketHandlerAdapter.java:144)
	at org.apache.tomcat.websocket.WsSession.fireEndpointOnClose(WsSession.java:719)
	at org.apache.tomcat.websocket.WsSession.onClose(WsSession.java:627)
	at org.apache.tomcat.websocket.WsFrameBase.processDataControl(WsFrameBase.java:346)
	at org.apache.tomcat.websocket.WsFrameBase.processData(WsFrameBase.java:278)
	at org.apache.tomcat.websocket.WsFrameBase.processInputBuffer(WsFrameBase.java:129)
	at org.apache.tomcat.websocket.server.WsFrameServer.onDataAvailable(WsFrameServer.java:85)
	at org.apache.tomcat.websocket.server.WsFrameServer.doOnDataAvailable(WsFrameServer.java:184)
	at org.apache.tomcat.websocket.server.WsFrameServer.notifyDataAvailable(WsFrameServer.java:164)
	at org.apache.tomcat.websocket.server.WsHttpUpgradeHandler.upgradeDispatch(WsHttpUpgradeHandler.java:152)
	at org.apache.coyote.http11.upgrade.UpgradeProcessorInternal.dispatch(UpgradeProcessorInternal.java:60)
	at org.apache.coyote.AbstractProcessorLight.process(AbstractProcessorLight.java:57)
	at org.apache.coyote.AbstractProtocol$ConnectionHandler.process(AbstractProtocol.java:903)
	at org.apache.tomcat.util.net.NioEndpoint$SocketProcessor.doRun(NioEndpoint.java:1740)
	at org.apache.tomcat.util.net.SocketProcessorBase.run(SocketProcessorBase.java:52)
	at org.apache.tomcat.util.threads.ThreadPoolExecutor.runWorker(ThreadPoolExecutor.java:1189)
	at org.apache.tomcat.util.threads.ThreadPoolExecutor$Worker.run(ThreadPoolExecutor.java:658)
	at org.apache.tomcat.util.threads.TaskThread$WrappingRunnable.run(TaskThread.java:63)
	at java.base/java.lang.Thread.run(Thread.java:1516)
2026-07-11 16:41:18.849 [http-nio-8080-exec-2] INFO  c.e.s.c.WebSocketHandshakeInterceptor [traceId=fd393e0e-e7c2-4225-8760-82b8975b9fd8] - WebSocket handshake successful for user: gnanitha@gmail.com
2026-07-11 16:41:18.858 [http-nio-8080-exec-8] INFO  c.e.s.c.WebSocketHandshakeInterceptor [traceId=553c6f12-bac8-41ab-a714-e49891366169] - WebSocket handshake successful for user: gnanitha@gmail.com
2026-07-11 16:41:18.861 [http-nio-8080-exec-2] INFO  c.e.s.config.ChatWebSocketHandler [traceId=] - WebSocket connection established for user: gnanitha@gmail.com
2026-07-11 16:41:18.864 [http-nio-8080-exec-8] INFO  c.e.s.config.ChatWebSocketHandler [traceId=] - WebSocket connection established for user: gnanitha@gmail.com
2026-07-11 16:41:18.990 [http-nio-8080-exec-2] ERROR c.e.s.config.ChatWebSocketHandler [traceId=] - Failed to broadcast status change for gnanitha@gmail.com
org.hibernate.LazyInitializationException: Could not initialize proxy [com.enterprise.scheduler.user.User#2] - no session
	at org.hibernate.proxy.AbstractLazyInitializer.initialize(AbstractLazyInitializer.java:174)
	at org.hibernate.proxy.AbstractLazyInitializer.getImplementation(AbstractLazyInitializer.java:328)
	at org.hibernate.proxy.pojo.bytebuddy.ByteBuddyInterceptor.intercept(ByteBuddyInterceptor.java:44)
	at org.hibernate.proxy.ProxyConfiguration$InterceptorDispatcher.intercept(ProxyConfiguration.java:102)
	at com.enterprise.scheduler.user.User$HibernateProxy.getEmail(Unknown Source)
	at com.enterprise.scheduler.config.ChatWebSocketHandler.broadcastStatusChange(ChatWebSocketHandler.java:143)
	at com.enterprise.scheduler.config.ChatWebSocketHandler.afterConnectionEstablished(ChatWebSocketHandler.java:57)
	at org.springframework.web.socket.handler.WebSocketHandlerDecorator.afterConnectionEstablished(WebSocketHandlerDecorator.java:70)
	at org.springframework.web.socket.handler.LoggingWebSocketHandlerDecorator.afterConnectionEstablished(LoggingWebSocketHandlerDecorator.java:48)
	at org.springframework.web.socket.handler.ExceptionWebSocketHandlerDecorator.afterConnectionEstablished(ExceptionWebSocketHandlerDecorator.java:48)
	at org.springframework.web.socket.adapter.standard.StandardWebSocketHandlerAdapter.onOpen(StandardWebSocketHandlerAdapter.java:103)
	at org.apache.tomcat.websocket.server.WsHttpUpgradeHandler.init(WsHttpUpgradeHandler.java:131)
	at org.apache.coyote.AbstractProtocol$ConnectionHandler.process(AbstractProtocol.java:945)
	at org.apache.tomcat.util.net.NioEndpoint$SocketProcessor.doRun(NioEndpoint.java:1740)
	at org.apache.tomcat.util.net.SocketProcessorBase.run(SocketProcessorBase.java:52)
	at org.apache.tomcat.util.threads.ThreadPoolExecutor.runWorker(ThreadPoolExecutor.java:1189)
	at org.apache.tomcat.util.threads.ThreadPoolExecutor$Worker.run(ThreadPoolExecutor.java:658)
	at org.apache.tomcat.util.threads.TaskThread$WrappingRunnable.run(TaskThread.java:63)
	at java.base/java.lang.Thread.run(Thread.java:1516)
2026-07-11 16:41:18.994 [http-nio-8080-exec-2] INFO  c.e.s.config.ChatWebSocketHandler [traceId=] - WebSocket connection closed for user: gnanitha@gmail.com with status: CloseStatus[code=1006, reason=An established connection was aborted by the software in your host machine]
2026-07-11 16:41:19.018 [http-nio-8080-exec-8] ERROR c.e.s.config.ChatWebSocketHandler [traceId=] - Failed to update last seen on connect
org.springframework.orm.ObjectOptimisticLockingFailureException: Row was updated or deleted by another transaction (or unsaved-value mapping was incorrect): [com.enterprise.scheduler.user.User#3]
	at org.springframework.orm.jpa.vendor.HibernateJpaDialect.convertHibernateAccessException(HibernateJpaDialect.java:329)
	at org.springframework.orm.jpa.vendor.HibernateJpaDialect.convertHibernateAccessException(HibernateJpaDialect.java:256)
	at org.springframework.orm.jpa.vendor.HibernateJpaDialect.translateExceptionIfPossible(HibernateJpaDialect.java:244)
	at org.springframework.orm.jpa.JpaTransactionManager.doCommit(JpaTransactionManager.java:566)
	at org.springframework.transaction.support.AbstractPlatformTransactionManager.processCommit(AbstractPlatformTransactionManager.java:795)
	at org.springframework.transaction.support.AbstractPlatformTransactionManager.commit(AbstractPlatformTransactionManager.java:758)
	at org.springframework.transaction.interceptor.TransactionAspectSupport.commitTransactionAfterReturning(TransactionAspectSupport.java:698)
	at org.springframework.transaction.interceptor.TransactionAspectSupport.invokeWithinTransaction(TransactionAspectSupport.java:416)
	at org.springframework.transaction.interceptor.TransactionInterceptor.invoke(TransactionInterceptor.java:119)
	at org.springframework.aop.framework.ReflectiveMethodInvocation.proceed(ReflectiveMethodInvocation.java:184)
	at org.springframework.dao.support.PersistenceExceptionTranslationInterceptor.invoke(PersistenceExceptionTranslationInterceptor.java:138)
	at org.springframework.aop.framework.ReflectiveMethodInvocation.proceed(ReflectiveMethodInvocation.java:184)
	at org.springframework.data.jpa.repository.support.CrudMethodMetadataPostProcessor$CrudMethodMetadataPopulatingMethodInterceptor.invoke(CrudMethodMetadataPostProcessor.java:165)
	at org.springframework.aop.framework.ReflectiveMethodInvocation.proceed(ReflectiveMethodInvocation.java:184)
	at org.springframework.aop.framework.JdkDynamicAopProxy.invoke(JdkDynamicAopProxy.java:223)
	at jdk.proxy4/jdk.proxy4.$Proxy182.save(Unknown Source)
	at com.enterprise.scheduler.config.ChatWebSocketHandler.lambda$afterConnectionEstablished$0(ChatWebSocketHandler.java:51)
	at java.base/java.util.Optional.ifPresent(Optional.java:182)
	at com.enterprise.scheduler.config.ChatWebSocketHandler.afterConnectionEstablished(ChatWebSocketHandler.java:49)
	at org.springframework.web.socket.handler.WebSocketHandlerDecorator.afterConnectionEstablished(WebSocketHandlerDecorator.java:70)
	at org.springframework.web.socket.handler.LoggingWebSocketHandlerDecorator.afterConnectionEstablished(LoggingWebSocketHandlerDecorator.java:48)
	at org.springframework.web.socket.handler.ExceptionWebSocketHandlerDecorator.afterConnectionEstablished(ExceptionWebSocketHandlerDecorator.java:48)
	at org.springframework.web.socket.adapter.standard.StandardWebSocketHandlerAdapter.onOpen(StandardWebSocketHandlerAdapter.java:103)
	at org.apache.tomcat.websocket.server.WsHttpUpgradeHandler.init(WsHttpUpgradeHandler.java:131)
	at org.apache.coyote.AbstractProtocol$ConnectionHandler.process(AbstractProtocol.java:945)
	at org.apache.tomcat.util.net.NioEndpoint$SocketProcessor.doRun(NioEndpoint.java:1740)
	at org.apache.tomcat.util.net.SocketProcessorBase.run(SocketProcessorBase.java:52)
	at org.apache.tomcat.util.threads.ThreadPoolExecutor.runWorker(ThreadPoolExecutor.java:1189)
	at org.apache.tomcat.util.threads.ThreadPoolExecutor$Worker.run(ThreadPoolExecutor.java:658)
	at org.apache.tomcat.util.threads.TaskThread$WrappingRunnable.run(TaskThread.java:63)
	at java.base/java.lang.Thread.run(Thread.java:1516)
Caused by: org.hibernate.StaleObjectStateException: Row was updated or deleted by another transaction (or unsaved-value mapping was incorrect): [com.enterprise.scheduler.user.User#3]
	at org.hibernate.engine.jdbc.mutation.internal.ModelMutationHelper.identifiedResultsCheck(ModelMutationHelper.java:75)
	at org.hibernate.persister.entity.mutation.UpdateCoordinatorStandard.lambda$doStaticUpdate$9(UpdateCoordinatorStandard.java:785)
	at org.hibernate.engine.jdbc.mutation.internal.ModelMutationHelper.checkResults(ModelMutationHelper.java:50)
	at org.hibernate.engine.jdbc.mutation.internal.AbstractMutationExecutor.performNonBatchedMutation(AbstractMutationExecutor.java:141)
	at org.hibernate.engine.jdbc.mutation.internal.MutationExecutorSingleNonBatched.performNonBatchedOperations(MutationExecutorSingleNonBatched.java:55)
	at org.hibernate.engine.jdbc.mutation.internal.AbstractMutationExecutor.execute(AbstractMutationExecutor.java:55)
	at org.hibernate.persister.entity.mutation.UpdateCoordinatorStandard.doStaticUpdate(UpdateCoordinatorStandard.java:781)
	at org.hibernate.persister.entity.mutation.UpdateCoordinatorStandard.performUpdate(UpdateCoordinatorStandard.java:328)
	at org.hibernate.persister.entity.mutation.UpdateCoordinatorStandard.update(UpdateCoordinatorStandard.java:245)
	at org.hibernate.action.internal.EntityUpdateAction.execute(EntityUpdateAction.java:169)
	at org.hibernate.engine.spi.ActionQueue.executeActions(ActionQueue.java:644)
	at org.hibernate.engine.spi.ActionQueue.executeActions(ActionQueue.java:511)
	at org.hibernate.event.internal.AbstractFlushingEventListener.performExecutions(AbstractFlushingEventListener.java:414)
	at org.hibernate.event.internal.DefaultFlushEventListener.onFlush(DefaultFlushEventListener.java:41)
	at org.hibernate.event.service.internal.EventListenerGroupImpl.fireEventOnEachListener(EventListenerGroupImpl.java:127)
	at org.hibernate.internal.SessionImpl.doFlush(SessionImpl.java:1429)
	at org.hibernate.internal.SessionImpl.managedFlush(SessionImpl.java:491)
	at org.hibernate.internal.SessionImpl.flushBeforeTransactionCompletion(SessionImpl.java:2354)
	at org.hibernate.internal.SessionImpl.beforeTransactionCompletion(SessionImpl.java:1978)
	at org.hibernate.engine.jdbc.internal.JdbcCoordinatorImpl.beforeTransactionCompletion(JdbcCoordinatorImpl.java:439)
	at org.hibernate.resource.transaction.backend.jdbc.internal.JdbcResourceLocalTransactionCoordinatorImpl.beforeCompletionCallback(JdbcResourceLocalTransactionCoordinatorImpl.java:169)
	at org.hibernate.resource.transaction.backend.jdbc.internal.JdbcResourceLocalTransactionCoordinatorImpl$TransactionDriverControlImpl.commit(JdbcResourceLocalTransactionCoordinatorImpl.java:267)
	at org.hibernate.engine.transaction.internal.TransactionImpl.commit(TransactionImpl.java:101)
	at org.springframework.orm.jpa.JpaTransactionManager.doCommit(JpaTransactionManager.java:562)
	... 27 common frames omitted
2026-07-11 16:41:19.172 [http-nio-8080-exec-8] ERROR c.e.s.config.ChatWebSocketHandler [traceId=] - Failed to broadcast status change for gnanitha@gmail.com
org.hibernate.LazyInitializationException: Could not initialize proxy [com.enterprise.scheduler.user.User#2] - no session
	at org.hibernate.proxy.AbstractLazyInitializer.initialize(AbstractLazyInitializer.java:174)
	at org.hibernate.proxy.AbstractLazyInitializer.getImplementation(AbstractLazyInitializer.java:328)
	at org.hibernate.proxy.pojo.bytebuddy.ByteBuddyInterceptor.intercept(ByteBuddyInterceptor.java:44)
	at org.hibernate.proxy.ProxyConfiguration$InterceptorDispatcher.intercept(ProxyConfiguration.java:102)
	at com.enterprise.scheduler.user.User$HibernateProxy.getEmail(Unknown Source)
	at com.enterprise.scheduler.config.ChatWebSocketHandler.broadcastStatusChange(ChatWebSocketHandler.java:143)
	at com.enterprise.scheduler.config.ChatWebSocketHandler.afterConnectionEstablished(ChatWebSocketHandler.java:57)
	at org.springframework.web.socket.handler.WebSocketHandlerDecorator.afterConnectionEstablished(WebSocketHandlerDecorator.java:70)
	at org.springframework.web.socket.handler.LoggingWebSocketHandlerDecorator.afterConnectionEstablished(LoggingWebSocketHandlerDecorator.java:48)
	at org.springframework.web.socket.handler.ExceptionWebSocketHandlerDecorator.afterConnectionEstablished(ExceptionWebSocketHandlerDecorator.java:48)
	at org.springframework.web.socket.adapter.standard.StandardWebSocketHandlerAdapter.onOpen(StandardWebSocketHandlerAdapter.java:103)
	at org.apache.tomcat.websocket.server.WsHttpUpgradeHandler.init(WsHttpUpgradeHandler.java:131)
	at org.apache.coyote.AbstractProtocol$ConnectionHandler.process(AbstractProtocol.java:945)
	at org.apache.tomcat.util.net.NioEndpoint$SocketProcessor.doRun(NioEndpoint.java:1740)
	at org.apache.tomcat.util.net.SocketProcessorBase.run(SocketProcessorBase.java:52)
	at org.apache.tomcat.util.threads.ThreadPoolExecutor.runWorker(ThreadPoolExecutor.java:1189)
	at org.apache.tomcat.util.threads.ThreadPoolExecutor$Worker.run(ThreadPoolExecutor.java:658)
	at org.apache.tomcat.util.threads.TaskThread$WrappingRunnable.run(TaskThread.java:63)
	at java.base/java.lang.Thread.run(Thread.java:1516)
2026-07-11 16:41:19.183 [http-nio-8080-exec-2] ERROR c.e.s.config.ChatWebSocketHandler [traceId=] - Failed to broadcast status change for gnanitha@gmail.com
org.hibernate.LazyInitializationException: Could not initialize proxy [com.enterprise.scheduler.user.User#2] - no session
	at org.hibernate.proxy.AbstractLazyInitializer.initialize(AbstractLazyInitializer.java:174)
	at org.hibernate.proxy.AbstractLazyInitializer.getImplementation(AbstractLazyInitializer.java:328)
	at org.hibernate.proxy.pojo.bytebuddy.ByteBuddyInterceptor.intercept(ByteBuddyInterceptor.java:44)
	at org.hibernate.proxy.ProxyConfiguration$InterceptorDispatcher.intercept(ProxyConfiguration.java:102)
	at com.enterprise.scheduler.user.User$HibernateProxy.getEmail(Unknown Source)
	at com.enterprise.scheduler.config.ChatWebSocketHandler.broadcastStatusChange(ChatWebSocketHandler.java:143)
	at com.enterprise.scheduler.config.ChatWebSocketHandler.afterConnectionClosed(ChatWebSocketHandler.java:78)
	at org.springframework.web.socket.handler.WebSocketHandlerDecorator.afterConnectionClosed(WebSocketHandlerDecorator.java:85)
	at org.springframework.web.socket.handler.LoggingWebSocketHandlerDecorator.afterConnectionClosed(LoggingWebSocketHandlerDecorator.java:72)
	at org.springframework.web.socket.handler.ExceptionWebSocketHandlerDecorator.afterConnectionClosed(ExceptionWebSocketHandlerDecorator.java:78)
	at org.springframework.web.socket.adapter.standard.StandardWebSocketHandlerAdapter.onClose(StandardWebSocketHandlerAdapter.java:144)
	at org.apache.tomcat.websocket.WsSession.fireEndpointOnClose(WsSession.java:719)
	at org.apache.tomcat.websocket.WsSession.onClose(WsSession.java:627)
	at org.apache.tomcat.websocket.server.WsHttpUpgradeHandler.close(WsHttpUpgradeHandler.java:256)
	at org.apache.tomcat.websocket.server.WsHttpUpgradeHandler.upgradeDispatch(WsHttpUpgradeHandler.java:158)
	at org.apache.coyote.http11.upgrade.UpgradeProcessorInternal.dispatch(UpgradeProcessorInternal.java:60)
	at org.apache.coyote.AbstractProcessorLight.process(AbstractProcessorLight.java:57)
	at org.apache.coyote.AbstractProtocol$ConnectionHandler.process(AbstractProtocol.java:903)
	at org.apache.tomcat.util.net.NioEndpoint$SocketProcessor.doRun(NioEndpoint.java:1740)
	at org.apache.tomcat.util.net.SocketProcessorBase.run(SocketProcessorBase.java:52)
	at org.apache.tomcat.util.threads.ThreadPoolExecutor.runWorker(ThreadPoolExecutor.java:1189)
	at org.apache.tomcat.util.threads.ThreadPoolExecutor$Worker.run(ThreadPoolExecutor.java:658)
	at org.apache.tomcat.util.threads.TaskThread$WrappingRunnable.run(TaskThread.java:63)
	at java.base/java.lang.Thread.run(Thread.java:1516)
2026-07-11 16:42:33.154 [http-nio-8080-exec-6] INFO  c.e.s.config.ChatWebSocketHandler [traceId=] - WebSocket connection closed for user: gnanitha@gmail.com with status: CloseStatus[code=1000, reason=null]
2026-07-11 16:42:33.242 [http-nio-8080-exec-6] ERROR c.e.s.config.ChatWebSocketHandler [traceId=] - Failed to broadcast status change for gnanitha@gmail.com
org.hibernate.LazyInitializationException: Could not initialize proxy [com.enterprise.scheduler.user.User#2] - no session
	at org.hibernate.proxy.AbstractLazyInitializer.initialize(AbstractLazyInitializer.java:174)
	at org.hibernate.proxy.AbstractLazyInitializer.getImplementation(AbstractLazyInitializer.java:328)
	at org.hibernate.proxy.pojo.bytebuddy.ByteBuddyInterceptor.intercept(ByteBuddyInterceptor.java:44)
	at org.hibernate.proxy.ProxyConfiguration$InterceptorDispatcher.intercept(ProxyConfiguration.java:102)
	at com.enterprise.scheduler.user.User$HibernateProxy.getEmail(Unknown Source)
	at com.enterprise.scheduler.config.ChatWebSocketHandler.broadcastStatusChange(ChatWebSocketHandler.java:143)
	at com.enterprise.scheduler.config.ChatWebSocketHandler.afterConnectionClosed(ChatWebSocketHandler.java:78)
	at org.springframework.web.socket.handler.WebSocketHandlerDecorator.afterConnectionClosed(WebSocketHandlerDecorator.java:85)
	at org.springframework.web.socket.handler.LoggingWebSocketHandlerDecorator.afterConnectionClosed(LoggingWebSocketHandlerDecorator.java:72)
	at org.springframework.web.socket.handler.ExceptionWebSocketHandlerDecorator.afterConnectionClosed(ExceptionWebSocketHandlerDecorator.java:78)
	at org.springframework.web.socket.adapter.standard.StandardWebSocketHandlerAdapter.onClose(StandardWebSocketHandlerAdapter.java:144)
	at org.apache.tomcat.websocket.WsSession.fireEndpointOnClose(WsSession.java:719)
	at org.apache.tomcat.websocket.WsSession.onClose(WsSession.java:627)
	at org.apache.tomcat.websocket.WsFrameBase.processDataControl(WsFrameBase.java:346)
	at org.apache.tomcat.websocket.WsFrameBase.processData(WsFrameBase.java:278)
	at org.apache.tomcat.websocket.WsFrameBase.processInputBuffer(WsFrameBase.java:129)
	at org.apache.tomcat.websocket.server.WsFrameServer.onDataAvailable(WsFrameServer.java:85)
	at org.apache.tomcat.websocket.server.WsFrameServer.doOnDataAvailable(WsFrameServer.java:184)
	at org.apache.tomcat.websocket.server.WsFrameServer.notifyDataAvailable(WsFrameServer.java:164)
	at org.apache.tomcat.websocket.server.WsHttpUpgradeHandler.upgradeDispatch(WsHttpUpgradeHandler.java:152)
	at org.apache.coyote.http11.upgrade.UpgradeProcessorInternal.dispatch(UpgradeProcessorInternal.java:60)
	at org.apache.coyote.AbstractProcessorLight.process(AbstractProcessorLight.java:57)
	at org.apache.coyote.AbstractProtocol$ConnectionHandler.process(AbstractProtocol.java:903)
	at org.apache.tomcat.util.net.NioEndpoint$SocketProcessor.doRun(NioEndpoint.java:1740)
	at org.apache.tomcat.util.net.SocketProcessorBase.run(SocketProcessorBase.java:52)
	at org.apache.tomcat.util.threads.ThreadPoolExecutor.runWorker(ThreadPoolExecutor.java:1189)
	at org.apache.tomcat.util.threads.ThreadPoolExecutor$Worker.run(ThreadPoolExecutor.java:658)
	at org.apache.tomcat.util.threads.TaskThread$WrappingRunnable.run(TaskThread.java:63)
	at java.base/java.lang.Thread.run(Thread.java:1516)
2026-07-11 16:48:42.570 [restartedMain] INFO  c.e.s.ScheduledMessagingApplication [traceId=] - Starting ScheduledMessagingApplication using Java 26 with PID 12700 (C:\Users\geeth\522\ReactCourse\scheduled-messaging-platform\backend\target\classes started by geeth in C:\Users\geeth\522\ReactCourse\scheduled-messaging-platform\backend)
2026-07-11 16:48:42.572 [restartedMain] DEBUG c.e.s.ScheduledMessagingApplication [traceId=] - Running with Spring Boot v3.5.0, Spring v6.2.7
2026-07-11 16:48:42.572 [restartedMain] INFO  c.e.s.ScheduledMessagingApplication [traceId=] - The following 1 profile is active: "dev"
2026-07-11 16:48:42.625 [restartedMain] INFO  o.s.b.d.e.DevToolsPropertyDefaultsPostProcessor [traceId=] - Devtools property defaults active! Set 'spring.devtools.add-properties' to 'false' to disable
2026-07-11 16:48:42.626 [restartedMain] INFO  o.s.b.d.e.DevToolsPropertyDefaultsPostProcessor [traceId=] - For additional web related logging consider setting the 'logging.level.web' property to 'DEBUG'
2026-07-11 16:48:43.768 [restartedMain] INFO  o.s.d.r.c.RepositoryConfigurationDelegate [traceId=] - Bootstrapping Spring Data JPA repositories in DEFAULT mode.
2026-07-11 16:48:43.851 [restartedMain] INFO  o.s.d.r.c.RepositoryConfigurationDelegate [traceId=] - Finished Spring Data repository scanning in 72 ms. Found 7 JPA repository interfaces.
2026-07-11 16:48:44.585 [restartedMain] INFO  o.s.b.w.e.tomcat.TomcatWebServer [traceId=] - Tomcat initialized with port 8080 (http)
2026-07-11 16:48:44.602 [restartedMain] INFO  o.a.catalina.core.StandardService [traceId=] - Starting service [Tomcat]
2026-07-11 16:48:44.603 [restartedMain] INFO  o.a.catalina.core.StandardEngine [traceId=] - Starting Servlet engine: [Apache Tomcat/10.1.41]
2026-07-11 16:48:44.663 [restartedMain] INFO  o.a.c.c.C.[Tomcat].[localhost].[/] [traceId=] - Initializing Spring embedded WebApplicationContext
2026-07-11 16:48:44.665 [restartedMain] INFO  o.s.b.w.s.c.ServletWebServerApplicationContext [traceId=] - Root WebApplicationContext: initialization completed in 2038 ms
2026-07-11 16:48:44.858 [restartedMain] INFO  c.e.scheduler.config.DatabaseConfig [traceId=] - Found database URL with embedded credentials. Parsing and converting to standard JDBC format...
2026-07-11 16:48:44.861 [restartedMain] INFO  c.e.scheduler.config.DatabaseConfig [traceId=] - Configuring HikariDataSource with auto-converted JDBC URL: jdbc:mysql://localhost:3306/scheduled_messaging
2026-07-11 16:48:44.875 [restartedMain] INFO  com.zaxxer.hikari.HikariDataSource [traceId=] - HikariPool-1 - Starting...
2026-07-11 16:48:45.318 [restartedMain] INFO  com.zaxxer.hikari.pool.HikariPool [traceId=] - HikariPool-1 - Added connection com.mysql.cj.jdbc.ConnectionImpl@12c8d787
2026-07-11 16:48:45.319 [restartedMain] INFO  com.zaxxer.hikari.HikariDataSource [traceId=] - HikariPool-1 - Start completed.
2026-07-11 16:48:45.496 [restartedMain] INFO  org.flywaydb.core.FlywayExecutor [traceId=] - Database: jdbc:mysql://localhost:3306/scheduled_messaging (MySQL 8.0)
2026-07-11 16:48:45.570 [restartedMain] INFO  o.f.core.internal.command.DbValidate [traceId=] - Successfully validated 8 migrations (execution time 00:00.049s)
2026-07-11 16:48:45.592 [restartedMain] INFO  o.f.core.internal.command.DbMigrate [traceId=] - Current version of schema `scheduled_messaging`: 8
2026-07-11 16:48:45.597 [restartedMain] INFO  o.f.core.internal.command.DbMigrate [traceId=] - Schema `scheduled_messaging` is up to date. No migration necessary.
2026-07-11 16:48:45.679 [restartedMain] INFO  o.h.jpa.internal.util.LogHelper [traceId=] - HHH000204: Processing PersistenceUnitInfo [name: default]
2026-07-11 16:48:45.753 [restartedMain] INFO  org.hibernate.Version [traceId=] - HHH000412: Hibernate ORM core version 6.6.15.Final
2026-07-11 16:48:45.804 [restartedMain] INFO  o.h.c.i.RegionFactoryInitiator [traceId=] - HHH000026: Second-level cache disabled
2026-07-11 16:48:46.083 [restartedMain] INFO  o.s.o.j.p.SpringPersistenceUnitInfo [traceId=] - No LoadTimeWeaver setup: ignoring JPA class transformer
2026-07-11 16:48:46.153 [restartedMain] WARN  org.hibernate.orm.deprecation [traceId=] - HHH90000025: MySQLDialect does not need to be specified explicitly using 'hibernate.dialect' (remove the property setting and it will be selected by default)
2026-07-11 16:48:46.168 [restartedMain] INFO  o.hibernate.orm.connections.pooling [traceId=] - HHH10001005: Database info:
	Database JDBC URL [Connecting through datasource 'HikariDataSource (HikariPool-1)']
	Database driver: undefined/unknown
	Database version: 8.0.45
	Autocommit mode: undefined/unknown
	Isolation level: undefined/unknown
	Minimum pool size: undefined/unknown
	Maximum pool size: undefined/unknown
2026-07-11 16:48:47.216 [restartedMain] INFO  o.h.e.t.j.p.i.JtaPlatformInitiator [traceId=] - HHH000489: No JTA platform available (set 'hibernate.transaction.jta.platform' to enable JTA platform integration)
2026-07-11 16:48:47.318 [restartedMain] INFO  o.s.o.j.LocalContainerEntityManagerFactoryBean [traceId=] - Initialized JPA EntityManagerFactory for persistence unit 'default'
2026-07-11 16:48:47.863 [restartedMain] DEBUG c.e.s.s.JwtAuthenticationFilter [traceId=] - Filter 'jwtAuthenticationFilter' configured for use
2026-07-11 16:48:47.865 [restartedMain] DEBUG c.e.s.monitoring.CorrelationIdFilter [traceId=] - Filter 'correlationIdFilter' configured for use
2026-07-11 16:48:48.053 [restartedMain] INFO  o.s.d.j.r.query.QueryEnhancerFactory [traceId=] - Hibernate is in classpath; If applicable, HQL parser will be used.
2026-07-11 16:48:49.462 [restartedMain] INFO  org.quartz.impl.StdSchedulerFactory [traceId=] - Using default implementation for ThreadExecutor
2026-07-11 16:48:49.482 [restartedMain] INFO  o.quartz.core.SchedulerSignalerImpl [traceId=] - Initialized Scheduler Signaller of type: class org.quartz.core.SchedulerSignalerImpl
2026-07-11 16:48:49.482 [restartedMain] INFO  org.quartz.core.QuartzScheduler [traceId=] - Quartz Scheduler v2.5.0 created.
2026-07-11 16:48:49.485 [restartedMain] INFO  o.s.s.quartz.LocalDataSourceJobStore [traceId=] - Using db table-based data access locking (synchronization).
2026-07-11 16:48:49.487 [restartedMain] INFO  o.s.s.quartz.LocalDataSourceJobStore [traceId=] - JobStoreCMT initialized.
2026-07-11 16:48:49.487 [restartedMain] INFO  org.quartz.core.QuartzScheduler [traceId=] - Scheduler meta-data: Quartz Scheduler (v2.5.0) 'ScheduledMessagingScheduler' with instanceId 'GeethikaChowdary1783768729471'
  Scheduler class: 'org.quartz.core.QuartzScheduler' - running locally.
  NOT STARTED.
  Currently in standby mode.
  Number of jobs executed: 0
  Using thread pool 'org.quartz.simpl.SimpleThreadPool' - with 10 threads.
  Using job-store 'org.springframework.scheduling.quartz.LocalDataSourceJobStore' - which supports persistence. and is clustered.

2026-07-11 16:48:49.487 [restartedMain] INFO  org.quartz.impl.StdSchedulerFactory [traceId=] - Quartz scheduler 'ScheduledMessagingScheduler' initialized from an externally provided properties instance.
2026-07-11 16:48:49.488 [restartedMain] INFO  org.quartz.impl.StdSchedulerFactory [traceId=] - Quartz scheduler version: 2.5.0
2026-07-11 16:48:49.488 [restartedMain] INFO  org.quartz.core.QuartzScheduler [traceId=] - JobFactory set to: com.enterprise.scheduler.scheduler.AutoWiringSpringBeanJobFactory@44997eb1
2026-07-11 16:48:49.703 [restartedMain] WARN  o.s.b.a.o.j.JpaBaseConfiguration$JpaWebConfiguration [traceId=] - spring.jpa.open-in-view is enabled by default. Therefore, database queries may be performed during view rendering. Explicitly configure spring.jpa.open-in-view to disable this warning
2026-07-11 16:48:50.032 [restartedMain] INFO  o.s.b.a.e.web.EndpointLinksResolver [traceId=] - Exposing 3 endpoints beneath base path '/actuator'
2026-07-11 16:48:50.069 [restartedMain] INFO  o.s.s.c.a.a.c.InitializeUserDetailsBeanManagerConfigurer$InitializeUserDetailsManagerConfigurer [traceId=] - Global AuthenticationManager configured with UserDetailsService bean with name customUserDetailsService
2026-07-11 16:48:50.508 [restartedMain] INFO  o.s.b.d.a.OptionalLiveReloadServer [traceId=] - LiveReload server is running on port 35729
2026-07-11 16:48:50.576 [restartedMain] INFO  o.s.b.w.e.tomcat.TomcatWebServer [traceId=] - Tomcat started on port 8080 (http) with context path '/'
2026-07-11 16:48:50.577 [restartedMain] INFO  o.s.s.quartz.SchedulerFactoryBean [traceId=] - Will start Quartz Scheduler [ScheduledMessagingScheduler] in 5 seconds
2026-07-11 16:48:50.587 [restartedMain] INFO  c.e.s.ScheduledMessagingApplication [traceId=] - Started ScheduledMessagingApplication in 8.482 seconds (process running for 9.035)
2026-07-11 16:48:55.581 [Quartz Scheduler [ScheduledMessagingScheduler]] INFO  o.s.s.quartz.SchedulerFactoryBean [traceId=] - Starting Quartz Scheduler now, after delay of 5 seconds
2026-07-11 16:48:55.620 [Quartz Scheduler [ScheduledMessagingScheduler]] INFO  o.s.s.quartz.LocalDataSourceJobStore [traceId=] - ClusterManager: detected 1 failed or restarted instances.
2026-07-11 16:48:55.621 [Quartz Scheduler [ScheduledMessagingScheduler]] INFO  o.s.s.quartz.LocalDataSourceJobStore [traceId=] - ClusterManager: Scanning for instance "GeethikaChowdary1783767998289"'s failed in-progress jobs.
2026-07-11 16:48:55.639 [Quartz Scheduler [ScheduledMessagingScheduler]] INFO  org.quartz.core.QuartzScheduler [traceId=] - Scheduler ScheduledMessagingScheduler_$_GeethikaChowdary1783768729471 started.
2026-07-11 16:49:03.287 [http-nio-8080-exec-1] INFO  o.a.c.c.C.[Tomcat].[localhost].[/] [traceId=] - Initializing Spring DispatcherServlet 'dispatcherServlet'
2026-07-11 16:49:03.288 [http-nio-8080-exec-1] INFO  o.s.web.servlet.DispatcherServlet [traceId=] - Initializing Servlet 'dispatcherServlet'
2026-07-11 16:49:03.292 [http-nio-8080-exec-1] INFO  o.s.web.servlet.DispatcherServlet [traceId=] - Completed initialization in 4 ms
2026-07-11 16:49:15.405 [http-nio-8080-exec-9] INFO  c.e.s.c.WebSocketHandshakeInterceptor [traceId=50af9233-dd8c-4b50-ae04-a90917f76d48] - WebSocket handshake successful for user: gnanitha@gmail.com
2026-07-11 16:49:15.442 [http-nio-8080-exec-10] INFO  c.e.s.c.WebSocketHandshakeInterceptor [traceId=3d41b253-1ce3-4d8f-aab5-b6efe9ac1d23] - WebSocket handshake successful for user: gnanitha@gmail.com
2026-07-11 16:49:15.480 [http-nio-8080-exec-10] INFO  c.e.s.config.ChatWebSocketHandler [traceId=] - WebSocket connection established for user: gnanitha@gmail.com
2026-07-11 16:49:15.480 [http-nio-8080-exec-9] INFO  c.e.s.config.ChatWebSocketHandler [traceId=] - WebSocket connection established for user: gnanitha@gmail.com
2026-07-11 16:49:15.524 [http-nio-8080-exec-10] ERROR c.e.s.config.ChatWebSocketHandler [traceId=] - Failed to broadcast status change for gnanitha@gmail.com
org.hibernate.LazyInitializationException: Could not initialize proxy [com.enterprise.scheduler.user.User#2] - no session
	at org.hibernate.proxy.AbstractLazyInitializer.initialize(AbstractLazyInitializer.java:174)
	at org.hibernate.proxy.AbstractLazyInitializer.getImplementation(AbstractLazyInitializer.java:328)
	at org.hibernate.proxy.pojo.bytebuddy.ByteBuddyInterceptor.intercept(ByteBuddyInterceptor.java:44)
	at org.hibernate.proxy.ProxyConfiguration$InterceptorDispatcher.intercept(ProxyConfiguration.java:102)
	at com.enterprise.scheduler.user.User$HibernateProxy.getEmail(Unknown Source)
	at com.enterprise.scheduler.config.ChatWebSocketHandler.broadcastStatusChange(ChatWebSocketHandler.java:143)
	at com.enterprise.scheduler.config.ChatWebSocketHandler.afterConnectionEstablished(ChatWebSocketHandler.java:57)
	at org.springframework.web.socket.handler.WebSocketHandlerDecorator.afterConnectionEstablished(WebSocketHandlerDecorator.java:70)
	at org.springframework.web.socket.handler.LoggingWebSocketHandlerDecorator.afterConnectionEstablished(LoggingWebSocketHandlerDecorator.java:48)
	at org.springframework.web.socket.handler.ExceptionWebSocketHandlerDecorator.afterConnectionEstablished(ExceptionWebSocketHandlerDecorator.java:48)
	at org.springframework.web.socket.adapter.standard.StandardWebSocketHandlerAdapter.onOpen(StandardWebSocketHandlerAdapter.java:103)
	at org.apache.tomcat.websocket.server.WsHttpUpgradeHandler.init(WsHttpUpgradeHandler.java:131)
	at org.apache.coyote.AbstractProtocol$ConnectionHandler.process(AbstractProtocol.java:945)
	at org.apache.tomcat.util.net.NioEndpoint$SocketProcessor.doRun(NioEndpoint.java:1740)
	at org.apache.tomcat.util.net.SocketProcessorBase.run(SocketProcessorBase.java:52)
	at org.apache.tomcat.util.threads.ThreadPoolExecutor.runWorker(ThreadPoolExecutor.java:1189)
	at org.apache.tomcat.util.threads.ThreadPoolExecutor$Worker.run(ThreadPoolExecutor.java:658)
	at org.apache.tomcat.util.threads.TaskThread$WrappingRunnable.run(TaskThread.java:63)
	at java.base/java.lang.Thread.run(Thread.java:1516)
2026-07-11 16:49:15.511 [http-nio-8080-exec-9] ERROR c.e.s.config.ChatWebSocketHandler [traceId=] - Failed to update last seen on connect
org.springframework.orm.ObjectOptimisticLockingFailureException: Row was updated or deleted by another transaction (or unsaved-value mapping was incorrect): [com.enterprise.scheduler.user.User#3]
	at org.springframework.orm.jpa.vendor.HibernateJpaDialect.convertHibernateAccessException(HibernateJpaDialect.java:329)
	at org.springframework.orm.jpa.vendor.HibernateJpaDialect.convertHibernateAccessException(HibernateJpaDialect.java:256)
	at org.springframework.orm.jpa.vendor.HibernateJpaDialect.translateExceptionIfPossible(HibernateJpaDialect.java:244)
	at org.springframework.orm.jpa.JpaTransactionManager.doCommit(JpaTransactionManager.java:566)
	at org.springframework.transaction.support.AbstractPlatformTransactionManager.processCommit(AbstractPlatformTransactionManager.java:795)
	at org.springframework.transaction.support.AbstractPlatformTransactionManager.commit(AbstractPlatformTransactionManager.java:758)
	at org.springframework.transaction.interceptor.TransactionAspectSupport.commitTransactionAfterReturning(TransactionAspectSupport.java:698)
	at org.springframework.transaction.interceptor.TransactionAspectSupport.invokeWithinTransaction(TransactionAspectSupport.java:416)
	at org.springframework.transaction.interceptor.TransactionInterceptor.invoke(TransactionInterceptor.java:119)
	at org.springframework.aop.framework.ReflectiveMethodInvocation.proceed(ReflectiveMethodInvocation.java:184)
	at org.springframework.dao.support.PersistenceExceptionTranslationInterceptor.invoke(PersistenceExceptionTranslationInterceptor.java:138)
	at org.springframework.aop.framework.ReflectiveMethodInvocation.proceed(ReflectiveMethodInvocation.java:184)
	at org.springframework.data.jpa.repository.support.CrudMethodMetadataPostProcessor$CrudMethodMetadataPopulatingMethodInterceptor.invoke(CrudMethodMetadataPostProcessor.java:165)
	at org.springframework.aop.framework.ReflectiveMethodInvocation.proceed(ReflectiveMethodInvocation.java:184)
	at org.springframework.aop.framework.JdkDynamicAopProxy.invoke(JdkDynamicAopProxy.java:223)
	at jdk.proxy4/jdk.proxy4.$Proxy182.save(Unknown Source)
	at com.enterprise.scheduler.config.ChatWebSocketHandler.lambda$afterConnectionEstablished$0(ChatWebSocketHandler.java:51)
	at java.base/java.util.Optional.ifPresent(Optional.java:182)
	at com.enterprise.scheduler.config.ChatWebSocketHandler.afterConnectionEstablished(ChatWebSocketHandler.java:49)
	at org.springframework.web.socket.handler.WebSocketHandlerDecorator.afterConnectionEstablished(WebSocketHandlerDecorator.java:70)
	at org.springframework.web.socket.handler.LoggingWebSocketHandlerDecorator.afterConnectionEstablished(LoggingWebSocketHandlerDecorator.java:48)
	at org.springframework.web.socket.handler.ExceptionWebSocketHandlerDecorator.afterConnectionEstablished(ExceptionWebSocketHandlerDecorator.java:48)
	at org.springframework.web.socket.adapter.standard.StandardWebSocketHandlerAdapter.onOpen(StandardWebSocketHandlerAdapter.java:103)
	at org.apache.tomcat.websocket.server.WsHttpUpgradeHandler.init(WsHttpUpgradeHandler.java:131)
	at org.apache.coyote.AbstractProtocol$ConnectionHandler.process(AbstractProtocol.java:945)
	at org.apache.tomcat.util.net.NioEndpoint$SocketProcessor.doRun(NioEndpoint.java:1740)
	at org.apache.tomcat.util.net.SocketProcessorBase.run(SocketProcessorBase.java:52)
	at org.apache.tomcat.util.threads.ThreadPoolExecutor.runWorker(ThreadPoolExecutor.java:1189)
	at org.apache.tomcat.util.threads.ThreadPoolExecutor$Worker.run(ThreadPoolExecutor.java:658)
	at org.apache.tomcat.util.threads.TaskThread$WrappingRunnable.run(TaskThread.java:63)
	at java.base/java.lang.Thread.run(Thread.java:1516)
Caused by: org.hibernate.StaleObjectStateException: Row was updated or deleted by another transaction (or unsaved-value mapping was incorrect): [com.enterprise.scheduler.user.User#3]
	at org.hibernate.engine.jdbc.mutation.internal.ModelMutationHelper.identifiedResultsCheck(ModelMutationHelper.java:75)
	at org.hibernate.persister.entity.mutation.UpdateCoordinatorStandard.lambda$doStaticUpdate$9(UpdateCoordinatorStandard.java:785)
	at org.hibernate.engine.jdbc.mutation.internal.ModelMutationHelper.checkResults(ModelMutationHelper.java:50)
	at org.hibernate.engine.jdbc.mutation.internal.AbstractMutationExecutor.performNonBatchedMutation(AbstractMutationExecutor.java:141)
	at org.hibernate.engine.jdbc.mutation.internal.MutationExecutorSingleNonBatched.performNonBatchedOperations(MutationExecutorSingleNonBatched.java:55)
	at org.hibernate.engine.jdbc.mutation.internal.AbstractMutationExecutor.execute(AbstractMutationExecutor.java:55)
	at org.hibernate.persister.entity.mutation.UpdateCoordinatorStandard.doStaticUpdate(UpdateCoordinatorStandard.java:781)
	at org.hibernate.persister.entity.mutation.UpdateCoordinatorStandard.performUpdate(UpdateCoordinatorStandard.java:328)
	at org.hibernate.persister.entity.mutation.UpdateCoordinatorStandard.update(UpdateCoordinatorStandard.java:245)
	at org.hibernate.action.internal.EntityUpdateAction.execute(EntityUpdateAction.java:169)
	at org.hibernate.engine.spi.ActionQueue.executeActions(ActionQueue.java:644)
	at org.hibernate.engine.spi.ActionQueue.executeActions(ActionQueue.java:511)
	at org.hibernate.event.internal.AbstractFlushingEventListener.performExecutions(AbstractFlushingEventListener.java:414)
	at org.hibernate.event.internal.DefaultFlushEventListener.onFlush(DefaultFlushEventListener.java:41)
	at org.hibernate.event.service.internal.EventListenerGroupImpl.fireEventOnEachListener(EventListenerGroupImpl.java:127)
	at org.hibernate.internal.SessionImpl.doFlush(SessionImpl.java:1429)
	at org.hibernate.internal.SessionImpl.managedFlush(SessionImpl.java:491)
	at org.hibernate.internal.SessionImpl.flushBeforeTransactionCompletion(SessionImpl.java:2354)
	at org.hibernate.internal.SessionImpl.beforeTransactionCompletion(SessionImpl.java:1978)
	at org.hibernate.engine.jdbc.internal.JdbcCoordinatorImpl.beforeTransactionCompletion(JdbcCoordinatorImpl.java:439)
	at org.hibernate.resource.transaction.backend.jdbc.internal.JdbcResourceLocalTransactionCoordinatorImpl.beforeCompletionCallback(JdbcResourceLocalTransactionCoordinatorImpl.java:169)
	at org.hibernate.resource.transaction.backend.jdbc.internal.JdbcResourceLocalTransactionCoordinatorImpl$TransactionDriverControlImpl.commit(JdbcResourceLocalTransactionCoordinatorImpl.java:267)
	at org.hibernate.engine.transaction.internal.TransactionImpl.commit(TransactionImpl.java:101)
	at org.springframework.orm.jpa.JpaTransactionManager.doCommit(JpaTransactionManager.java:562)
	... 27 common frames omitted
2026-07-11 16:49:15.543 [http-nio-8080-exec-9] ERROR c.e.s.config.ChatWebSocketHandler [traceId=] - Failed to broadcast status change for gnanitha@gmail.com
org.hibernate.LazyInitializationException: Could not initialize proxy [com.enterprise.scheduler.user.User#2] - no session
	at org.hibernate.proxy.AbstractLazyInitializer.initialize(AbstractLazyInitializer.java:174)
	at org.hibernate.proxy.AbstractLazyInitializer.getImplementation(AbstractLazyInitializer.java:328)
	at org.hibernate.proxy.pojo.bytebuddy.ByteBuddyInterceptor.intercept(ByteBuddyInterceptor.java:44)
	at org.hibernate.proxy.ProxyConfiguration$InterceptorDispatcher.intercept(ProxyConfiguration.java:102)
	at com.enterprise.scheduler.user.User$HibernateProxy.getEmail(Unknown Source)
	at com.enterprise.scheduler.config.ChatWebSocketHandler.broadcastStatusChange(ChatWebSocketHandler.java:143)
	at com.enterprise.scheduler.config.ChatWebSocketHandler.afterConnectionEstablished(ChatWebSocketHandler.java:57)
	at org.springframework.web.socket.handler.WebSocketHandlerDecorator.afterConnectionEstablished(WebSocketHandlerDecorator.java:70)
	at org.springframework.web.socket.handler.LoggingWebSocketHandlerDecorator.afterConnectionEstablished(LoggingWebSocketHandlerDecorator.java:48)
	at org.springframework.web.socket.handler.ExceptionWebSocketHandlerDecorator.afterConnectionEstablished(ExceptionWebSocketHandlerDecorator.java:48)
	at org.springframework.web.socket.adapter.standard.StandardWebSocketHandlerAdapter.onOpen(StandardWebSocketHandlerAdapter.java:103)
	at org.apache.tomcat.websocket.server.WsHttpUpgradeHandler.init(WsHttpUpgradeHandler.java:131)
	at org.apache.coyote.AbstractProtocol$ConnectionHandler.process(AbstractProtocol.java:945)
	at org.apache.tomcat.util.net.NioEndpoint$SocketProcessor.doRun(NioEndpoint.java:1740)
	at org.apache.tomcat.util.net.SocketProcessorBase.run(SocketProcessorBase.java:52)
	at org.apache.tomcat.util.threads.ThreadPoolExecutor.runWorker(ThreadPoolExecutor.java:1189)
	at org.apache.tomcat.util.threads.ThreadPoolExecutor$Worker.run(ThreadPoolExecutor.java:658)
	at org.apache.tomcat.util.threads.TaskThread$WrappingRunnable.run(TaskThread.java:63)
	at java.base/java.lang.Thread.run(Thread.java:1516)
2026-07-11 16:49:15.554 [http-nio-8080-exec-9] INFO  c.e.s.config.ChatWebSocketHandler [traceId=] - WebSocket connection closed for user: gnanitha@gmail.com with status: CloseStatus[code=1006, reason=An established connection was aborted by the software in your host machine]
2026-07-11 16:49:15.587 [http-nio-8080-exec-9] ERROR c.e.s.config.ChatWebSocketHandler [traceId=] - Failed to broadcast status change for gnanitha@gmail.com
org.hibernate.LazyInitializationException: Could not initialize proxy [com.enterprise.scheduler.user.User#2] - no session
	at org.hibernate.proxy.AbstractLazyInitializer.initialize(AbstractLazyInitializer.java:174)
	at org.hibernate.proxy.AbstractLazyInitializer.getImplementation(AbstractLazyInitializer.java:328)
	at org.hibernate.proxy.pojo.bytebuddy.ByteBuddyInterceptor.intercept(ByteBuddyInterceptor.java:44)
	at org.hibernate.proxy.ProxyConfiguration$InterceptorDispatcher.intercept(ProxyConfiguration.java:102)
	at com.enterprise.scheduler.user.User$HibernateProxy.getEmail(Unknown Source)
	at com.enterprise.scheduler.config.ChatWebSocketHandler.broadcastStatusChange(ChatWebSocketHandler.java:143)
	at com.enterprise.scheduler.config.ChatWebSocketHandler.afterConnectionClosed(ChatWebSocketHandler.java:78)
	at org.springframework.web.socket.handler.WebSocketHandlerDecorator.afterConnectionClosed(WebSocketHandlerDecorator.java:85)
	at org.springframework.web.socket.handler.LoggingWebSocketHandlerDecorator.afterConnectionClosed(LoggingWebSocketHandlerDecorator.java:72)
	at org.springframework.web.socket.handler.ExceptionWebSocketHandlerDecorator.afterConnectionClosed(ExceptionWebSocketHandlerDecorator.java:78)
	at org.springframework.web.socket.adapter.standard.StandardWebSocketHandlerAdapter.onClose(StandardWebSocketHandlerAdapter.java:144)
	at org.apache.tomcat.websocket.WsSession.fireEndpointOnClose(WsSession.java:719)
	at org.apache.tomcat.websocket.WsSession.onClose(WsSession.java:627)
	at org.apache.tomcat.websocket.server.WsHttpUpgradeHandler.close(WsHttpUpgradeHandler.java:256)
	at org.apache.tomcat.websocket.server.WsHttpUpgradeHandler.upgradeDispatch(WsHttpUpgradeHandler.java:158)
	at org.apache.coyote.http11.upgrade.UpgradeProcessorInternal.dispatch(UpgradeProcessorInternal.java:60)
	at org.apache.coyote.AbstractProcessorLight.process(AbstractProcessorLight.java:57)
	at org.apache.coyote.AbstractProtocol$ConnectionHandler.process(AbstractProtocol.java:903)
	at org.apache.tomcat.util.net.NioEndpoint$SocketProcessor.doRun(NioEndpoint.java:1740)
	at org.apache.tomcat.util.net.SocketProcessorBase.run(SocketProcessorBase.java:52)
	at org.apache.tomcat.util.threads.ThreadPoolExecutor.runWorker(ThreadPoolExecutor.java:1189)
	at org.apache.tomcat.util.threads.ThreadPoolExecutor$Worker.run(ThreadPoolExecutor.java:658)
	at org.apache.tomcat.util.threads.TaskThread$WrappingRunnable.run(TaskThread.java:63)
	at java.base/java.lang.Thread.run(Thread.java:1516)
2026-07-11 16:49:42.827 [http-nio-8080-exec-9] INFO  c.e.s.config.ChatWebSocketHandler [traceId=] - WebSocket connection closed for user: gnanitha@gmail.com with status: CloseStatus[code=1000, reason=null]
2026-07-11 16:49:42.863 [http-nio-8080-exec-9] ERROR c.e.s.config.ChatWebSocketHandler [traceId=] - Failed to broadcast status change for gnanitha@gmail.com
org.hibernate.LazyInitializationException: Could not initialize proxy [com.enterprise.scheduler.user.User#2] - no session
	at org.hibernate.proxy.AbstractLazyInitializer.initialize(AbstractLazyInitializer.java:174)
	at org.hibernate.proxy.AbstractLazyInitializer.getImplementation(AbstractLazyInitializer.java:328)
	at org.hibernate.proxy.pojo.bytebuddy.ByteBuddyInterceptor.intercept(ByteBuddyInterceptor.java:44)
	at org.hibernate.proxy.ProxyConfiguration$InterceptorDispatcher.intercept(ProxyConfiguration.java:102)
	at com.enterprise.scheduler.user.User$HibernateProxy.getEmail(Unknown Source)
	at com.enterprise.scheduler.config.ChatWebSocketHandler.broadcastStatusChange(ChatWebSocketHandler.java:143)
	at com.enterprise.scheduler.config.ChatWebSocketHandler.afterConnectionClosed(ChatWebSocketHandler.java:78)
	at org.springframework.web.socket.handler.WebSocketHandlerDecorator.afterConnectionClosed(WebSocketHandlerDecorator.java:85)
	at org.springframework.web.socket.handler.LoggingWebSocketHandlerDecorator.afterConnectionClosed(LoggingWebSocketHandlerDecorator.java:72)
	at org.springframework.web.socket.handler.ExceptionWebSocketHandlerDecorator.afterConnectionClosed(ExceptionWebSocketHandlerDecorator.java:78)
	at org.springframework.web.socket.adapter.standard.StandardWebSocketHandlerAdapter.onClose(StandardWebSocketHandlerAdapter.java:144)
	at org.apache.tomcat.websocket.WsSession.fireEndpointOnClose(WsSession.java:719)
	at org.apache.tomcat.websocket.WsSession.onClose(WsSession.java:627)
	at org.apache.tomcat.websocket.WsFrameBase.processDataControl(WsFrameBase.java:346)
	at org.apache.tomcat.websocket.WsFrameBase.processData(WsFrameBase.java:278)
	at org.apache.tomcat.websocket.WsFrameBase.processInputBuffer(WsFrameBase.java:129)
	at org.apache.tomcat.websocket.server.WsFrameServer.onDataAvailable(WsFrameServer.java:85)
	at org.apache.tomcat.websocket.server.WsFrameServer.doOnDataAvailable(WsFrameServer.java:184)
	at org.apache.tomcat.websocket.server.WsFrameServer.notifyDataAvailable(WsFrameServer.java:164)
	at org.apache.tomcat.websocket.server.WsHttpUpgradeHandler.upgradeDispatch(WsHttpUpgradeHandler.java:152)
	at org.apache.coyote.http11.upgrade.UpgradeProcessorInternal.dispatch(UpgradeProcessorInternal.java:60)
	at org.apache.coyote.AbstractProcessorLight.process(AbstractProcessorLight.java:57)
	at org.apache.coyote.AbstractProtocol$ConnectionHandler.process(AbstractProtocol.java:903)
	at org.apache.tomcat.util.net.NioEndpoint$SocketProcessor.doRun(NioEndpoint.java:1740)
	at org.apache.tomcat.util.net.SocketProcessorBase.run(SocketProcessorBase.java:52)
	at org.apache.tomcat.util.threads.ThreadPoolExecutor.runWorker(ThreadPoolExecutor.java:1189)
	at org.apache.tomcat.util.threads.ThreadPoolExecutor$Worker.run(ThreadPoolExecutor.java:658)
	at org.apache.tomcat.util.threads.TaskThread$WrappingRunnable.run(TaskThread.java:63)
	at java.base/java.lang.Thread.run(Thread.java:1516)
2026-07-11 16:49:54.060 [http-nio-8080-exec-7] WARN  o.h.e.jdbc.spi.SqlExceptionHelper [traceId=29616393-8e34-4c19-b544-4d5f3b6dcacf] - SQL Error: 1062, SQLState: 23000
2026-07-11 16:49:54.065 [http-nio-8080-exec-7] ERROR o.h.e.jdbc.spi.SqlExceptionHelper [traceId=29616393-8e34-4c19-b544-4d5f3b6dcacf] - Duplicate entry '2-3' for key 'contacts.unique_user_contact'
2026-07-11 16:49:54.156 [http-nio-8080-exec-7] WARN  o.s.w.s.m.m.a.ExceptionHandlerExceptionResolver [traceId=29616393-8e34-4c19-b544-4d5f3b6dcacf] - Resolved [org.springframework.dao.DataIntegrityViolationException: could not execute statement [Duplicate entry '2-3' for key 'contacts.unique_user_contact'] [insert into contacts (contact_user_id,created_at,deleted,status,unblock_count,user_id) values (?,?,?,?,?,?)]; SQL [insert into contacts (contact_user_id,created_at,deleted,status,unblock_count,user_id) values (?,?,?,?,?,?)]; constraint [contacts.unique_user_contact]]
2026-07-11 16:50:02.993 [http-nio-8080-exec-6] WARN  o.h.e.jdbc.spi.SqlExceptionHelper [traceId=0bbe76f3-0047-4b9c-8ca1-bd5616dd6048] - SQL Error: 1062, SQLState: 23000
2026-07-11 16:50:02.993 [http-nio-8080-exec-6] ERROR o.h.e.jdbc.spi.SqlExceptionHelper [traceId=0bbe76f3-0047-4b9c-8ca1-bd5616dd6048] - Duplicate entry '2-3' for key 'contacts.unique_user_contact'
2026-07-11 16:50:03.260 [http-nio-8080-exec-6] WARN  o.s.w.s.m.m.a.ExceptionHandlerExceptionResolver [traceId=0bbe76f3-0047-4b9c-8ca1-bd5616dd6048] - Resolved [org.springframework.dao.DataIntegrityViolationException: could not execute statement [Duplicate entry '2-3' for key 'contacts.unique_user_contact'] [insert into contacts (contact_user_id,created_at,deleted,status,unblock_count,user_id) values (?,?,?,?,?,?)]; SQL [insert into contacts (contact_user_id,created_at,deleted,status,unblock_count,user_id) values (?,?,?,?,?,?)]; constraint [contacts.unique_user_contact]]
2026-07-11 16:50:24.117 [http-nio-8080-exec-2] INFO  c.e.s.c.WebSocketHandshakeInterceptor [traceId=8ac5b651-0da6-423a-8512-0fe3f635fb3a] - WebSocket handshake successful for user: gnanitha@gmail.com
2026-07-11 16:50:24.120 [http-nio-8080-exec-2] INFO  c.e.s.config.ChatWebSocketHandler [traceId=] - WebSocket connection established for user: gnanitha@gmail.com
2026-07-11 16:50:24.154 [http-nio-8080-exec-8] INFO  c.e.s.c.WebSocketHandshakeInterceptor [traceId=19260a39-b968-4136-9354-50177c6e9750] - WebSocket handshake successful for user: gnanitha@gmail.com
2026-07-11 16:50:24.153 [http-nio-8080-exec-2] ERROR c.e.s.config.ChatWebSocketHandler [traceId=] - Failed to broadcast status change for gnanitha@gmail.com
org.hibernate.LazyInitializationException: Could not initialize proxy [com.enterprise.scheduler.user.User#4] - no session
	at org.hibernate.proxy.AbstractLazyInitializer.initialize(AbstractLazyInitializer.java:174)
	at org.hibernate.proxy.AbstractLazyInitializer.getImplementation(AbstractLazyInitializer.java:328)
	at org.hibernate.proxy.pojo.bytebuddy.ByteBuddyInterceptor.intercept(ByteBuddyInterceptor.java:44)
	at org.hibernate.proxy.ProxyConfiguration$InterceptorDispatcher.intercept(ProxyConfiguration.java:102)
	at com.enterprise.scheduler.user.User$HibernateProxy.getEmail(Unknown Source)
	at com.enterprise.scheduler.config.ChatWebSocketHandler.broadcastStatusChange(ChatWebSocketHandler.java:143)
	at com.enterprise.scheduler.config.ChatWebSocketHandler.afterConnectionEstablished(ChatWebSocketHandler.java:57)
	at org.springframework.web.socket.handler.WebSocketHandlerDecorator.afterConnectionEstablished(WebSocketHandlerDecorator.java:70)
	at org.springframework.web.socket.handler.LoggingWebSocketHandlerDecorator.afterConnectionEstablished(LoggingWebSocketHandlerDecorator.java:48)
	at org.springframework.web.socket.handler.ExceptionWebSocketHandlerDecorator.afterConnectionEstablished(ExceptionWebSocketHandlerDecorator.java:48)
	at org.springframework.web.socket.adapter.standard.StandardWebSocketHandlerAdapter.onOpen(StandardWebSocketHandlerAdapter.java:103)
	at org.apache.tomcat.websocket.server.WsHttpUpgradeHandler.init(WsHttpUpgradeHandler.java:131)
	at org.apache.coyote.AbstractProtocol$ConnectionHandler.process(AbstractProtocol.java:945)
	at org.apache.tomcat.util.net.NioEndpoint$SocketProcessor.doRun(NioEndpoint.java:1740)
	at org.apache.tomcat.util.net.SocketProcessorBase.run(SocketProcessorBase.java:52)
	at org.apache.tomcat.util.threads.ThreadPoolExecutor.runWorker(ThreadPoolExecutor.java:1189)
	at org.apache.tomcat.util.threads.ThreadPoolExecutor$Worker.run(ThreadPoolExecutor.java:658)
	at org.apache.tomcat.util.threads.TaskThread$WrappingRunnable.run(TaskThread.java:63)
	at java.base/java.lang.Thread.run(Thread.java:1516)
2026-07-11 16:50:24.156 [http-nio-8080-exec-2] INFO  c.e.s.config.ChatWebSocketHandler [traceId=] - WebSocket connection closed for user: gnanitha@gmail.com with status: CloseStatus[code=1001, reason=null]
2026-07-11 16:50:24.160 [http-nio-8080-exec-8] INFO  c.e.s.config.ChatWebSocketHandler [traceId=] - WebSocket connection established for user: gnanitha@gmail.com
2026-07-11 16:50:24.175 [http-nio-8080-exec-8] ERROR c.e.s.config.ChatWebSocketHandler [traceId=] - Failed to update last seen on connect
org.springframework.orm.ObjectOptimisticLockingFailureException: Row was updated or deleted by another transaction (or unsaved-value mapping was incorrect): [com.enterprise.scheduler.user.User#3]
	at org.springframework.orm.jpa.vendor.HibernateJpaDialect.convertHibernateAccessException(HibernateJpaDialect.java:329)
	at org.springframework.orm.jpa.vendor.HibernateJpaDialect.convertHibernateAccessException(HibernateJpaDialect.java:256)
	at org.springframework.orm.jpa.vendor.HibernateJpaDialect.translateExceptionIfPossible(HibernateJpaDialect.java:244)
	at org.springframework.orm.jpa.JpaTransactionManager.doCommit(JpaTransactionManager.java:566)
	at org.springframework.transaction.support.AbstractPlatformTransactionManager.processCommit(AbstractPlatformTransactionManager.java:795)
	at org.springframework.transaction.support.AbstractPlatformTransactionManager.commit(AbstractPlatformTransactionManager.java:758)
	at org.springframework.transaction.interceptor.TransactionAspectSupport.commitTransactionAfterReturning(TransactionAspectSupport.java:698)
	at org.springframework.transaction.interceptor.TransactionAspectSupport.invokeWithinTransaction(TransactionAspectSupport.java:416)
	at org.springframework.transaction.interceptor.TransactionInterceptor.invoke(TransactionInterceptor.java:119)
	at org.springframework.aop.framework.ReflectiveMethodInvocation.proceed(ReflectiveMethodInvocation.java:184)
	at org.springframework.dao.support.PersistenceExceptionTranslationInterceptor.invoke(PersistenceExceptionTranslationInterceptor.java:138)
	at org.springframework.aop.framework.ReflectiveMethodInvocation.proceed(ReflectiveMethodInvocation.java:184)
	at org.springframework.data.jpa.repository.support.CrudMethodMetadataPostProcessor$CrudMethodMetadataPopulatingMethodInterceptor.invoke(CrudMethodMetadataPostProcessor.java:165)
	at org.springframework.aop.framework.ReflectiveMethodInvocation.proceed(ReflectiveMethodInvocation.java:184)
	at org.springframework.aop.framework.JdkDynamicAopProxy.invoke(JdkDynamicAopProxy.java:223)
	at jdk.proxy4/jdk.proxy4.$Proxy182.save(Unknown Source)
	at com.enterprise.scheduler.config.ChatWebSocketHandler.lambda$afterConnectionEstablished$0(ChatWebSocketHandler.java:51)
	at java.base/java.util.Optional.ifPresent(Optional.java:182)
	at com.enterprise.scheduler.config.ChatWebSocketHandler.afterConnectionEstablished(ChatWebSocketHandler.java:49)
	at org.springframework.web.socket.handler.WebSocketHandlerDecorator.afterConnectionEstablished(WebSocketHandlerDecorator.java:70)
	at org.springframework.web.socket.handler.LoggingWebSocketHandlerDecorator.afterConnectionEstablished(LoggingWebSocketHandlerDecorator.java:48)
	at org.springframework.web.socket.handler.ExceptionWebSocketHandlerDecorator.afterConnectionEstablished(ExceptionWebSocketHandlerDecorator.java:48)
	at org.springframework.web.socket.adapter.standard.StandardWebSocketHandlerAdapter.onOpen(StandardWebSocketHandlerAdapter.java:103)
	at org.apache.tomcat.websocket.server.WsHttpUpgradeHandler.init(WsHttpUpgradeHandler.java:131)
	at org.apache.coyote.AbstractProtocol$ConnectionHandler.process(AbstractProtocol.java:945)
	at org.apache.tomcat.util.net.NioEndpoint$SocketProcessor.doRun(NioEndpoint.java:1740)
	at org.apache.tomcat.util.net.SocketProcessorBase.run(SocketProcessorBase.java:52)
	at org.apache.tomcat.util.threads.ThreadPoolExecutor.runWorker(ThreadPoolExecutor.java:1189)
	at org.apache.tomcat.util.threads.ThreadPoolExecutor$Worker.run(ThreadPoolExecutor.java:658)
	at org.apache.tomcat.util.threads.TaskThread$WrappingRunnable.run(TaskThread.java:63)
	at java.base/java.lang.Thread.run(Thread.java:1516)
Caused by: org.hibernate.StaleObjectStateException: Row was updated or deleted by another transaction (or unsaved-value mapping was incorrect): [com.enterprise.scheduler.user.User#3]
	at org.hibernate.engine.jdbc.mutation.internal.ModelMutationHelper.identifiedResultsCheck(ModelMutationHelper.java:75)
	at org.hibernate.persister.entity.mutation.UpdateCoordinatorStandard.lambda$doStaticUpdate$9(UpdateCoordinatorStandard.java:785)
	at org.hibernate.engine.jdbc.mutation.internal.ModelMutationHelper.checkResults(ModelMutationHelper.java:50)
	at org.hibernate.engine.jdbc.mutation.internal.AbstractMutationExecutor.performNonBatchedMutation(AbstractMutationExecutor.java:141)
	at org.hibernate.engine.jdbc.mutation.internal.MutationExecutorSingleNonBatched.performNonBatchedOperations(MutationExecutorSingleNonBatched.java:55)
	at org.hibernate.engine.jdbc.mutation.internal.AbstractMutationExecutor.execute(AbstractMutationExecutor.java:55)
	at org.hibernate.persister.entity.mutation.UpdateCoordinatorStandard.doStaticUpdate(UpdateCoordinatorStandard.java:781)
	at org.hibernate.persister.entity.mutation.UpdateCoordinatorStandard.performUpdate(UpdateCoordinatorStandard.java:328)
	at org.hibernate.persister.entity.mutation.UpdateCoordinatorStandard.update(UpdateCoordinatorStandard.java:245)
	at org.hibernate.action.internal.EntityUpdateAction.execute(EntityUpdateAction.java:169)
	at org.hibernate.engine.spi.ActionQueue.executeActions(ActionQueue.java:644)
	at org.hibernate.engine.spi.ActionQueue.executeActions(ActionQueue.java:511)
	at org.hibernate.event.internal.AbstractFlushingEventListener.performExecutions(AbstractFlushingEventListener.java:414)
	at org.hibernate.event.internal.DefaultFlushEventListener.onFlush(DefaultFlushEventListener.java:41)
	at org.hibernate.event.service.internal.EventListenerGroupImpl.fireEventOnEachListener(EventListenerGroupImpl.java:127)
	at org.hibernate.internal.SessionImpl.doFlush(SessionImpl.java:1429)
	at org.hibernate.internal.SessionImpl.managedFlush(SessionImpl.java:491)
	at org.hibernate.internal.SessionImpl.flushBeforeTransactionCompletion(SessionImpl.java:2354)
	at org.hibernate.internal.SessionImpl.beforeTransactionCompletion(SessionImpl.java:1978)
	at org.hibernate.engine.jdbc.internal.JdbcCoordinatorImpl.beforeTransactionCompletion(JdbcCoordinatorImpl.java:439)
	at org.hibernate.resource.transaction.backend.jdbc.internal.JdbcResourceLocalTransactionCoordinatorImpl.beforeCompletionCallback(JdbcResourceLocalTransactionCoordinatorImpl.java:169)
	at org.hibernate.resource.transaction.backend.jdbc.internal.JdbcResourceLocalTransactionCoordinatorImpl$TransactionDriverControlImpl.commit(JdbcResourceLocalTransactionCoordinatorImpl.java:267)
	at org.hibernate.engine.transaction.internal.TransactionImpl.commit(TransactionImpl.java:101)
	at org.springframework.orm.jpa.JpaTransactionManager.doCommit(JpaTransactionManager.java:562)
	... 27 common frames omitted
2026-07-11 16:50:24.185 [http-nio-8080-exec-2] ERROR c.e.s.config.ChatWebSocketHandler [traceId=] - Failed to broadcast status change for gnanitha@gmail.com
org.hibernate.LazyInitializationException: Could not initialize proxy [com.enterprise.scheduler.user.User#4] - no session
	at org.hibernate.proxy.AbstractLazyInitializer.initialize(AbstractLazyInitializer.java:174)
	at org.hibernate.proxy.AbstractLazyInitializer.getImplementation(AbstractLazyInitializer.java:328)
	at org.hibernate.proxy.pojo.bytebuddy.ByteBuddyInterceptor.intercept(ByteBuddyInterceptor.java:44)
	at org.hibernate.proxy.ProxyConfiguration$InterceptorDispatcher.intercept(ProxyConfiguration.java:102)
	at com.enterprise.scheduler.user.User$HibernateProxy.getEmail(Unknown Source)
	at com.enterprise.scheduler.config.ChatWebSocketHandler.broadcastStatusChange(ChatWebSocketHandler.java:143)
	at com.enterprise.scheduler.config.ChatWebSocketHandler.afterConnectionClosed(ChatWebSocketHandler.java:78)
	at org.springframework.web.socket.handler.WebSocketHandlerDecorator.afterConnectionClosed(WebSocketHandlerDecorator.java:85)
	at org.springframework.web.socket.handler.LoggingWebSocketHandlerDecorator.afterConnectionClosed(LoggingWebSocketHandlerDecorator.java:72)
	at org.springframework.web.socket.handler.ExceptionWebSocketHandlerDecorator.afterConnectionClosed(ExceptionWebSocketHandlerDecorator.java:78)
	at org.springframework.web.socket.adapter.standard.StandardWebSocketHandlerAdapter.onClose(StandardWebSocketHandlerAdapter.java:144)
	at org.apache.tomcat.websocket.WsSession.fireEndpointOnClose(WsSession.java:719)
	at org.apache.tomcat.websocket.WsSession.onClose(WsSession.java:627)
	at org.apache.tomcat.websocket.WsFrameBase.processDataControl(WsFrameBase.java:346)
	at org.apache.tomcat.websocket.WsFrameBase.processData(WsFrameBase.java:278)
	at org.apache.tomcat.websocket.WsFrameBase.processInputBuffer(WsFrameBase.java:129)
	at org.apache.tomcat.websocket.server.WsFrameServer.onDataAvailable(WsFrameServer.java:85)
	at org.apache.tomcat.websocket.server.WsFrameServer.doOnDataAvailable(WsFrameServer.java:184)
	at org.apache.tomcat.websocket.server.WsFrameServer.notifyDataAvailable(WsFrameServer.java:164)
	at org.apache.tomcat.websocket.server.WsHttpUpgradeHandler.upgradeDispatch(WsHttpUpgradeHandler.java:152)
	at org.apache.coyote.http11.upgrade.UpgradeProcessorInternal.dispatch(UpgradeProcessorInternal.java:60)
	at org.apache.coyote.AbstractProcessorLight.process(AbstractProcessorLight.java:57)
	at org.apache.coyote.AbstractProtocol$ConnectionHandler.process(AbstractProtocol.java:903)
	at org.apache.tomcat.util.net.NioEndpoint$SocketProcessor.doRun(NioEndpoint.java:1740)
	at org.apache.tomcat.util.net.SocketProcessorBase.run(SocketProcessorBase.java:52)
	at org.apache.tomcat.util.threads.ThreadPoolExecutor.runWorker(ThreadPoolExecutor.java:1189)
	at org.apache.tomcat.util.threads.ThreadPoolExecutor$Worker.run(ThreadPoolExecutor.java:658)
	at org.apache.tomcat.util.threads.TaskThread$WrappingRunnable.run(TaskThread.java:63)
	at java.base/java.lang.Thread.run(Thread.java:1516)
2026-07-11 16:50:24.191 [http-nio-8080-exec-8] ERROR c.e.s.config.ChatWebSocketHandler [traceId=] - Failed to broadcast status change for gnanitha@gmail.com
org.hibernate.LazyInitializationException: Could not initialize proxy [com.enterprise.scheduler.user.User#4] - no session
	at org.hibernate.proxy.AbstractLazyInitializer.initialize(AbstractLazyInitializer.java:174)
	at org.hibernate.proxy.AbstractLazyInitializer.getImplementation(AbstractLazyInitializer.java:328)
	at org.hibernate.proxy.pojo.bytebuddy.ByteBuddyInterceptor.intercept(ByteBuddyInterceptor.java:44)
	at org.hibernate.proxy.ProxyConfiguration$InterceptorDispatcher.intercept(ProxyConfiguration.java:102)
	at com.enterprise.scheduler.user.User$HibernateProxy.getEmail(Unknown Source)
	at com.enterprise.scheduler.config.ChatWebSocketHandler.broadcastStatusChange(ChatWebSocketHandler.java:143)
	at com.enterprise.scheduler.config.ChatWebSocketHandler.afterConnectionEstablished(ChatWebSocketHandler.java:57)
	at org.springframework.web.socket.handler.WebSocketHandlerDecorator.afterConnectionEstablished(WebSocketHandlerDecorator.java:70)
	at org.springframework.web.socket.handler.LoggingWebSocketHandlerDecorator.afterConnectionEstablished(LoggingWebSocketHandlerDecorator.java:48)
	at org.springframework.web.socket.handler.ExceptionWebSocketHandlerDecorator.afterConnectionEstablished(ExceptionWebSocketHandlerDecorator.java:48)
	at org.springframework.web.socket.adapter.standard.StandardWebSocketHandlerAdapter.onOpen(StandardWebSocketHandlerAdapter.java:103)
	at org.apache.tomcat.websocket.server.WsHttpUpgradeHandler.init(WsHttpUpgradeHandler.java:131)
	at org.apache.coyote.AbstractProtocol$ConnectionHandler.process(AbstractProtocol.java:945)
	at org.apache.tomcat.util.net.NioEndpoint$SocketProcessor.doRun(NioEndpoint.java:1740)
	at org.apache.tomcat.util.net.SocketProcessorBase.run(SocketProcessorBase.java:52)
	at org.apache.tomcat.util.threads.ThreadPoolExecutor.runWorker(ThreadPoolExecutor.java:1189)
	at org.apache.tomcat.util.threads.ThreadPoolExecutor$Worker.run(ThreadPoolExecutor.java:658)
	at org.apache.tomcat.util.threads.TaskThread$WrappingRunnable.run(TaskThread.java:63)
	at java.base/java.lang.Thread.run(Thread.java:1516)
2026-07-11 16:50:30.640 [http-nio-8080-exec-9] INFO  c.e.s.n.NotificationServiceImpl [traceId=fd513a4f-636f-41d6-bd07-e08a7074a162] - Created alert for user: gopi@gmail.com
2026-07-11 16:50:30.644 [http-nio-8080-exec-9] INFO  c.e.s.config.ChatWebSocketHandler [traceId=fd513a4f-636f-41d6-bd07-e08a7074a162] - WebSocket notification sent to: gnanitha@gmail.com
2026-07-11 16:50:34.913 [http-nio-8080-exec-6] INFO  c.e.s.config.ChatWebSocketHandler [traceId=] - WebSocket connection closed for user: gnanitha@gmail.com with status: CloseStatus[code=1000, reason=null]
2026-07-11 16:50:35.020 [http-nio-8080-exec-6] ERROR c.e.s.config.ChatWebSocketHandler [traceId=] - Failed to broadcast status change for gnanitha@gmail.com
org.hibernate.LazyInitializationException: Could not initialize proxy [com.enterprise.scheduler.user.User#4] - no session
	at org.hibernate.proxy.AbstractLazyInitializer.initialize(AbstractLazyInitializer.java:174)
	at org.hibernate.proxy.AbstractLazyInitializer.getImplementation(AbstractLazyInitializer.java:328)
	at org.hibernate.proxy.pojo.bytebuddy.ByteBuddyInterceptor.intercept(ByteBuddyInterceptor.java:44)
	at org.hibernate.proxy.ProxyConfiguration$InterceptorDispatcher.intercept(ProxyConfiguration.java:102)
	at com.enterprise.scheduler.user.User$HibernateProxy.getEmail(Unknown Source)
	at com.enterprise.scheduler.config.ChatWebSocketHandler.broadcastStatusChange(ChatWebSocketHandler.java:143)
	at com.enterprise.scheduler.config.ChatWebSocketHandler.afterConnectionClosed(ChatWebSocketHandler.java:78)
	at org.springframework.web.socket.handler.WebSocketHandlerDecorator.afterConnectionClosed(WebSocketHandlerDecorator.java:85)
	at org.springframework.web.socket.handler.LoggingWebSocketHandlerDecorator.afterConnectionClosed(LoggingWebSocketHandlerDecorator.java:72)
	at org.springframework.web.socket.handler.ExceptionWebSocketHandlerDecorator.afterConnectionClosed(ExceptionWebSocketHandlerDecorator.java:78)
	at org.springframework.web.socket.adapter.standard.StandardWebSocketHandlerAdapter.onClose(StandardWebSocketHandlerAdapter.java:144)
	at org.apache.tomcat.websocket.WsSession.fireEndpointOnClose(WsSession.java:719)
	at org.apache.tomcat.websocket.WsSession.onClose(WsSession.java:627)
	at org.apache.tomcat.websocket.WsFrameBase.processDataControl(WsFrameBase.java:346)
	at org.apache.tomcat.websocket.WsFrameBase.processData(WsFrameBase.java:278)
	at org.apache.tomcat.websocket.WsFrameBase.processInputBuffer(WsFrameBase.java:129)
	at org.apache.tomcat.websocket.server.WsFrameServer.onDataAvailable(WsFrameServer.java:85)
	at org.apache.tomcat.websocket.server.WsFrameServer.doOnDataAvailable(WsFrameServer.java:184)
	at org.apache.tomcat.websocket.server.WsFrameServer.notifyDataAvailable(WsFrameServer.java:164)
	at org.apache.tomcat.websocket.server.WsHttpUpgradeHandler.upgradeDispatch(WsHttpUpgradeHandler.java:152)
	at org.apache.coyote.http11.upgrade.UpgradeProcessorInternal.dispatch(UpgradeProcessorInternal.java:60)
	at org.apache.coyote.AbstractProcessorLight.process(AbstractProcessorLight.java:57)
	at org.apache.coyote.AbstractProtocol$ConnectionHandler.process(AbstractProtocol.java:903)
	at org.apache.tomcat.util.net.NioEndpoint$SocketProcessor.doRun(NioEndpoint.java:1740)
	at org.apache.tomcat.util.net.SocketProcessorBase.run(SocketProcessorBase.java:52)
	at org.apache.tomcat.util.threads.ThreadPoolExecutor.runWorker(ThreadPoolExecutor.java:1189)
	at org.apache.tomcat.util.threads.ThreadPoolExecutor$Worker.run(ThreadPoolExecutor.java:658)
	at org.apache.tomcat.util.threads.TaskThread$WrappingRunnable.run(TaskThread.java:63)
	at java.base/java.lang.Thread.run(Thread.java:1516)
2026-07-11 16:50:41.905 [http-nio-8080-exec-1] INFO  c.e.s.c.WebSocketHandshakeInterceptor [traceId=8967f201-9b5c-4b62-9d1c-be4cf203a03f] - WebSocket handshake successful for user: gopi@gmail.com
2026-07-11 16:50:41.908 [http-nio-8080-exec-1] INFO  c.e.s.config.ChatWebSocketHandler [traceId=] - WebSocket connection established for user: gopi@gmail.com
2026-07-11 16:50:41.944 [http-nio-8080-exec-3] INFO  c.e.s.c.WebSocketHandshakeInterceptor [traceId=dbdf24d0-3bc2-4748-a603-7f7608091bb5] - WebSocket handshake successful for user: gopi@gmail.com
2026-07-11 16:50:41.946 [http-nio-8080-exec-3] INFO  c.e.s.config.ChatWebSocketHandler [traceId=] - WebSocket connection established for user: gopi@gmail.com
2026-07-11 16:50:41.958 [http-nio-8080-exec-1] ERROR c.e.s.config.ChatWebSocketHandler [traceId=] - Failed to broadcast status change for gopi@gmail.com
org.hibernate.LazyInitializationException: Could not initialize proxy [com.enterprise.scheduler.user.User#3] - no session
	at org.hibernate.proxy.AbstractLazyInitializer.initialize(AbstractLazyInitializer.java:174)
	at org.hibernate.proxy.AbstractLazyInitializer.getImplementation(AbstractLazyInitializer.java:328)
	at org.hibernate.proxy.pojo.bytebuddy.ByteBuddyInterceptor.intercept(ByteBuddyInterceptor.java:44)
	at org.hibernate.proxy.ProxyConfiguration$InterceptorDispatcher.intercept(ProxyConfiguration.java:102)
	at com.enterprise.scheduler.user.User$HibernateProxy.getEmail(Unknown Source)
	at com.enterprise.scheduler.config.ChatWebSocketHandler.broadcastStatusChange(ChatWebSocketHandler.java:143)
	at com.enterprise.scheduler.config.ChatWebSocketHandler.afterConnectionEstablished(ChatWebSocketHandler.java:57)
	at org.springframework.web.socket.handler.WebSocketHandlerDecorator.afterConnectionEstablished(WebSocketHandlerDecorator.java:70)
	at org.springframework.web.socket.handler.LoggingWebSocketHandlerDecorator.afterConnectionEstablished(LoggingWebSocketHandlerDecorator.java:48)
	at org.springframework.web.socket.handler.ExceptionWebSocketHandlerDecorator.afterConnectionEstablished(ExceptionWebSocketHandlerDecorator.java:48)
	at org.springframework.web.socket.adapter.standard.StandardWebSocketHandlerAdapter.onOpen(StandardWebSocketHandlerAdapter.java:103)
	at org.apache.tomcat.websocket.server.WsHttpUpgradeHandler.init(WsHttpUpgradeHandler.java:131)
	at org.apache.coyote.AbstractProtocol$ConnectionHandler.process(AbstractProtocol.java:945)
	at org.apache.tomcat.util.net.NioEndpoint$SocketProcessor.doRun(NioEndpoint.java:1740)
	at org.apache.tomcat.util.net.SocketProcessorBase.run(SocketProcessorBase.java:52)
	at org.apache.tomcat.util.threads.ThreadPoolExecutor.runWorker(ThreadPoolExecutor.java:1189)
	at org.apache.tomcat.util.threads.ThreadPoolExecutor$Worker.run(ThreadPoolExecutor.java:658)
	at org.apache.tomcat.util.threads.TaskThread$WrappingRunnable.run(TaskThread.java:63)
	at java.base/java.lang.Thread.run(Thread.java:1516)
2026-07-11 16:50:41.961 [http-nio-8080-exec-1] INFO  c.e.s.config.ChatWebSocketHandler [traceId=] - WebSocket connection closed for user: gopi@gmail.com with status: CloseStatus[code=1006, reason=An established connection was aborted by the software in your host machine]
2026-07-11 16:50:41.968 [http-nio-8080-exec-3] ERROR c.e.s.config.ChatWebSocketHandler [traceId=] - Failed to broadcast status change for gopi@gmail.com
org.hibernate.LazyInitializationException: Could not initialize proxy [com.enterprise.scheduler.user.User#3] - no session
	at org.hibernate.proxy.AbstractLazyInitializer.initialize(AbstractLazyInitializer.java:174)
	at org.hibernate.proxy.AbstractLazyInitializer.getImplementation(AbstractLazyInitializer.java:328)
	at org.hibernate.proxy.pojo.bytebuddy.ByteBuddyInterceptor.intercept(ByteBuddyInterceptor.java:44)
	at org.hibernate.proxy.ProxyConfiguration$InterceptorDispatcher.intercept(ProxyConfiguration.java:102)
	at com.enterprise.scheduler.user.User$HibernateProxy.getEmail(Unknown Source)
	at com.enterprise.scheduler.config.ChatWebSocketHandler.broadcastStatusChange(ChatWebSocketHandler.java:143)
	at com.enterprise.scheduler.config.ChatWebSocketHandler.afterConnectionEstablished(ChatWebSocketHandler.java:57)
	at org.springframework.web.socket.handler.WebSocketHandlerDecorator.afterConnectionEstablished(WebSocketHandlerDecorator.java:70)
	at org.springframework.web.socket.handler.LoggingWebSocketHandlerDecorator.afterConnectionEstablished(LoggingWebSocketHandlerDecorator.java:48)
	at org.springframework.web.socket.handler.ExceptionWebSocketHandlerDecorator.afterConnectionEstablished(ExceptionWebSocketHandlerDecorator.java:48)
	at org.springframework.web.socket.adapter.standard.StandardWebSocketHandlerAdapter.onOpen(StandardWebSocketHandlerAdapter.java:103)
	at org.apache.tomcat.websocket.server.WsHttpUpgradeHandler.init(WsHttpUpgradeHandler.java:131)
	at org.apache.coyote.AbstractProtocol$ConnectionHandler.process(AbstractProtocol.java:945)
	at org.apache.tomcat.util.net.NioEndpoint$SocketProcessor.doRun(NioEndpoint.java:1740)
	at org.apache.tomcat.util.net.SocketProcessorBase.run(SocketProcessorBase.java:52)
	at org.apache.tomcat.util.threads.ThreadPoolExecutor.runWorker(ThreadPoolExecutor.java:1189)
	at org.apache.tomcat.util.threads.ThreadPoolExecutor$Worker.run(ThreadPoolExecutor.java:658)
	at org.apache.tomcat.util.threads.TaskThread$WrappingRunnable.run(TaskThread.java:63)
	at java.base/java.lang.Thread.run(Thread.java:1516)
2026-07-11 16:50:41.984 [http-nio-8080-exec-1] ERROR c.e.s.config.ChatWebSocketHandler [traceId=] - Failed to broadcast status change for gopi@gmail.com
org.hibernate.LazyInitializationException: Could not initialize proxy [com.enterprise.scheduler.user.User#3] - no session
	at org.hibernate.proxy.AbstractLazyInitializer.initialize(AbstractLazyInitializer.java:174)
	at org.hibernate.proxy.AbstractLazyInitializer.getImplementation(AbstractLazyInitializer.java:328)
	at org.hibernate.proxy.pojo.bytebuddy.ByteBuddyInterceptor.intercept(ByteBuddyInterceptor.java:44)
	at org.hibernate.proxy.ProxyConfiguration$InterceptorDispatcher.intercept(ProxyConfiguration.java:102)
	at com.enterprise.scheduler.user.User$HibernateProxy.getEmail(Unknown Source)
	at com.enterprise.scheduler.config.ChatWebSocketHandler.broadcastStatusChange(ChatWebSocketHandler.java:143)
	at com.enterprise.scheduler.config.ChatWebSocketHandler.afterConnectionClosed(ChatWebSocketHandler.java:78)
	at org.springframework.web.socket.handler.WebSocketHandlerDecorator.afterConnectionClosed(WebSocketHandlerDecorator.java:85)
	at org.springframework.web.socket.handler.LoggingWebSocketHandlerDecorator.afterConnectionClosed(LoggingWebSocketHandlerDecorator.java:72)
	at org.springframework.web.socket.handler.ExceptionWebSocketHandlerDecorator.afterConnectionClosed(ExceptionWebSocketHandlerDecorator.java:78)
	at org.springframework.web.socket.adapter.standard.StandardWebSocketHandlerAdapter.onClose(StandardWebSocketHandlerAdapter.java:144)
	at org.apache.tomcat.websocket.WsSession.fireEndpointOnClose(WsSession.java:719)
	at org.apache.tomcat.websocket.WsSession.onClose(WsSession.java:627)
	at org.apache.tomcat.websocket.server.WsHttpUpgradeHandler.close(WsHttpUpgradeHandler.java:256)
	at org.apache.tomcat.websocket.server.WsHttpUpgradeHandler.upgradeDispatch(WsHttpUpgradeHandler.java:158)
	at org.apache.coyote.http11.upgrade.UpgradeProcessorInternal.dispatch(UpgradeProcessorInternal.java:60)
	at org.apache.coyote.AbstractProcessorLight.process(AbstractProcessorLight.java:57)
	at org.apache.coyote.AbstractProtocol$ConnectionHandler.process(AbstractProtocol.java:903)
	at org.apache.tomcat.util.net.NioEndpoint$SocketProcessor.doRun(NioEndpoint.java:1740)
	at org.apache.tomcat.util.net.SocketProcessorBase.run(SocketProcessorBase.java:52)
	at org.apache.tomcat.util.threads.ThreadPoolExecutor.runWorker(ThreadPoolExecutor.java:1189)
	at org.apache.tomcat.util.threads.ThreadPoolExecutor$Worker.run(ThreadPoolExecutor.java:658)
	at org.apache.tomcat.util.threads.TaskThread$WrappingRunnable.run(TaskThread.java:63)
	at java.base/java.lang.Thread.run(Thread.java:1516)
2026-07-11 16:52:01.234 [http-nio-8080-exec-8] INFO  c.e.s.config.ChatWebSocketHandler [traceId=] - WebSocket connection closed for user: gopi@gmail.com with status: CloseStatus[code=1000, reason=null]
2026-07-11 16:52:01.253 [http-nio-8080-exec-8] ERROR c.e.s.config.ChatWebSocketHandler [traceId=] - Failed to broadcast status change for gopi@gmail.com
org.hibernate.LazyInitializationException: Could not initialize proxy [com.enterprise.scheduler.user.User#3] - no session
	at org.hibernate.proxy.AbstractLazyInitializer.initialize(AbstractLazyInitializer.java:174)
	at org.hibernate.proxy.AbstractLazyInitializer.getImplementation(AbstractLazyInitializer.java:328)
	at org.hibernate.proxy.pojo.bytebuddy.ByteBuddyInterceptor.intercept(ByteBuddyInterceptor.java:44)
	at org.hibernate.proxy.ProxyConfiguration$InterceptorDispatcher.intercept(ProxyConfiguration.java:102)
	at com.enterprise.scheduler.user.User$HibernateProxy.getEmail(Unknown Source)
	at com.enterprise.scheduler.config.ChatWebSocketHandler.broadcastStatusChange(ChatWebSocketHandler.java:143)
	at com.enterprise.scheduler.config.ChatWebSocketHandler.afterConnectionClosed(ChatWebSocketHandler.java:78)
	at org.springframework.web.socket.handler.WebSocketHandlerDecorator.afterConnectionClosed(WebSocketHandlerDecorator.java:85)
	at org.springframework.web.socket.handler.LoggingWebSocketHandlerDecorator.afterConnectionClosed(LoggingWebSocketHandlerDecorator.java:72)
	at org.springframework.web.socket.handler.ExceptionWebSocketHandlerDecorator.afterConnectionClosed(ExceptionWebSocketHandlerDecorator.java:78)
	at org.springframework.web.socket.adapter.standard.StandardWebSocketHandlerAdapter.onClose(StandardWebSocketHandlerAdapter.java:144)
	at org.apache.tomcat.websocket.WsSession.fireEndpointOnClose(WsSession.java:719)
	at org.apache.tomcat.websocket.WsSession.onClose(WsSession.java:627)
	at org.apache.tomcat.websocket.WsFrameBase.processDataControl(WsFrameBase.java:346)
	at org.apache.tomcat.websocket.WsFrameBase.processData(WsFrameBase.java:278)
	at org.apache.tomcat.websocket.WsFrameBase.processInputBuffer(WsFrameBase.java:129)
	at org.apache.tomcat.websocket.server.WsFrameServer.onDataAvailable(WsFrameServer.java:85)
	at org.apache.tomcat.websocket.server.WsFrameServer.doOnDataAvailable(WsFrameServer.java:184)
	at org.apache.tomcat.websocket.server.WsFrameServer.notifyDataAvailable(WsFrameServer.java:164)
	at org.apache.tomcat.websocket.server.WsHttpUpgradeHandler.upgradeDispatch(WsHttpUpgradeHandler.java:152)
	at org.apache.coyote.http11.upgrade.UpgradeProcessorInternal.dispatch(UpgradeProcessorInternal.java:60)
	at org.apache.coyote.AbstractProcessorLight.process(AbstractProcessorLight.java:57)
	at org.apache.coyote.AbstractProtocol$ConnectionHandler.process(AbstractProtocol.java:903)
	at org.apache.tomcat.util.net.NioEndpoint$SocketProcessor.doRun(NioEndpoint.java:1740)
	at org.apache.tomcat.util.net.SocketProcessorBase.run(SocketProcessorBase.java:52)
	at org.apache.tomcat.util.threads.ThreadPoolExecutor.runWorker(ThreadPoolExecutor.java:1189)
	at org.apache.tomcat.util.threads.ThreadPoolExecutor$Worker.run(ThreadPoolExecutor.java:658)
	at org.apache.tomcat.util.threads.TaskThread$WrappingRunnable.run(TaskThread.java:63)
	at java.base/java.lang.Thread.run(Thread.java:1516)
2026-07-11 16:52:02.440 [http-nio-8080-exec-9] INFO  c.e.s.c.WebSocketHandshakeInterceptor [traceId=eb0570a2-ac59-44f3-bbf9-8a796e40568a] - WebSocket handshake successful for user: gopi@gmail.com
2026-07-11 16:52:02.442 [http-nio-8080-exec-9] INFO  c.e.s.config.ChatWebSocketHandler [traceId=] - WebSocket connection established for user: gopi@gmail.com
2026-07-11 16:52:02.466 [http-nio-8080-exec-3] INFO  c.e.s.c.WebSocketHandshakeInterceptor [traceId=7ea6c10f-c1c2-40a6-ad08-63deb57d876c] - WebSocket handshake successful for user: gopi@gmail.com
2026-07-11 16:52:02.466 [http-nio-8080-exec-9] ERROR c.e.s.config.ChatWebSocketHandler [traceId=] - Failed to broadcast status change for gopi@gmail.com
org.hibernate.LazyInitializationException: Could not initialize proxy [com.enterprise.scheduler.user.User#3] - no session
	at org.hibernate.proxy.AbstractLazyInitializer.initialize(AbstractLazyInitializer.java:174)
	at org.hibernate.proxy.AbstractLazyInitializer.getImplementation(AbstractLazyInitializer.java:328)
	at org.hibernate.proxy.pojo.bytebuddy.ByteBuddyInterceptor.intercept(ByteBuddyInterceptor.java:44)
	at org.hibernate.proxy.ProxyConfiguration$InterceptorDispatcher.intercept(ProxyConfiguration.java:102)
	at com.enterprise.scheduler.user.User$HibernateProxy.getEmail(Unknown Source)
	at com.enterprise.scheduler.config.ChatWebSocketHandler.broadcastStatusChange(ChatWebSocketHandler.java:143)
	at com.enterprise.scheduler.config.ChatWebSocketHandler.afterConnectionEstablished(ChatWebSocketHandler.java:57)
	at org.springframework.web.socket.handler.WebSocketHandlerDecorator.afterConnectionEstablished(WebSocketHandlerDecorator.java:70)
	at org.springframework.web.socket.handler.LoggingWebSocketHandlerDecorator.afterConnectionEstablished(LoggingWebSocketHandlerDecorator.java:48)
	at org.springframework.web.socket.handler.ExceptionWebSocketHandlerDecorator.afterConnectionEstablished(ExceptionWebSocketHandlerDecorator.java:48)
	at org.springframework.web.socket.adapter.standard.StandardWebSocketHandlerAdapter.onOpen(StandardWebSocketHandlerAdapter.java:103)
	at org.apache.tomcat.websocket.server.WsHttpUpgradeHandler.init(WsHttpUpgradeHandler.java:131)
	at org.apache.coyote.AbstractProtocol$ConnectionHandler.process(AbstractProtocol.java:945)
	at org.apache.tomcat.util.net.NioEndpoint$SocketProcessor.doRun(NioEndpoint.java:1740)
	at org.apache.tomcat.util.net.SocketProcessorBase.run(SocketProcessorBase.java:52)
	at org.apache.tomcat.util.threads.ThreadPoolExecutor.runWorker(ThreadPoolExecutor.java:1189)
	at org.apache.tomcat.util.threads.ThreadPoolExecutor$Worker.run(ThreadPoolExecutor.java:658)
	at org.apache.tomcat.util.threads.TaskThread$WrappingRunnable.run(TaskThread.java:63)
	at java.base/java.lang.Thread.run(Thread.java:1516)
2026-07-11 16:52:02.467 [http-nio-8080-exec-9] INFO  c.e.s.config.ChatWebSocketHandler [traceId=] - WebSocket connection closed for user: gopi@gmail.com with status: CloseStatus[code=1001, reason=null]
2026-07-11 16:52:02.469 [http-nio-8080-exec-3] INFO  c.e.s.config.ChatWebSocketHandler [traceId=] - WebSocket connection established for user: gopi@gmail.com
2026-07-11 16:52:02.482 [http-nio-8080-exec-3] ERROR c.e.s.config.ChatWebSocketHandler [traceId=] - Failed to update last seen on connect
org.springframework.orm.ObjectOptimisticLockingFailureException: Row was updated or deleted by another transaction (or unsaved-value mapping was incorrect): [com.enterprise.scheduler.user.User#4]
	at org.springframework.orm.jpa.vendor.HibernateJpaDialect.convertHibernateAccessException(HibernateJpaDialect.java:329)
	at org.springframework.orm.jpa.vendor.HibernateJpaDialect.convertHibernateAccessException(HibernateJpaDialect.java:256)
	at org.springframework.orm.jpa.vendor.HibernateJpaDialect.translateExceptionIfPossible(HibernateJpaDialect.java:244)
	at org.springframework.orm.jpa.JpaTransactionManager.doCommit(JpaTransactionManager.java:566)
	at org.springframework.transaction.support.AbstractPlatformTransactionManager.processCommit(AbstractPlatformTransactionManager.java:795)
	at org.springframework.transaction.support.AbstractPlatformTransactionManager.commit(AbstractPlatformTransactionManager.java:758)
	at org.springframework.transaction.interceptor.TransactionAspectSupport.commitTransactionAfterReturning(TransactionAspectSupport.java:698)
	at org.springframework.transaction.interceptor.TransactionAspectSupport.invokeWithinTransaction(TransactionAspectSupport.java:416)
	at org.springframework.transaction.interceptor.TransactionInterceptor.invoke(TransactionInterceptor.java:119)
	at org.springframework.aop.framework.ReflectiveMethodInvocation.proceed(ReflectiveMethodInvocation.java:184)
	at org.springframework.dao.support.PersistenceExceptionTranslationInterceptor.invoke(PersistenceExceptionTranslationInterceptor.java:138)
	at org.springframework.aop.framework.ReflectiveMethodInvocation.proceed(ReflectiveMethodInvocation.java:184)
	at org.springframework.data.jpa.repository.support.CrudMethodMetadataPostProcessor$CrudMethodMetadataPopulatingMethodInterceptor.invoke(CrudMethodMetadataPostProcessor.java:165)
	at org.springframework.aop.framework.ReflectiveMethodInvocation.proceed(ReflectiveMethodInvocation.java:184)
	at org.springframework.aop.framework.JdkDynamicAopProxy.invoke(JdkDynamicAopProxy.java:223)
	at jdk.proxy4/jdk.proxy4.$Proxy182.save(Unknown Source)
	at com.enterprise.scheduler.config.ChatWebSocketHandler.lambda$afterConnectionEstablished$0(ChatWebSocketHandler.java:51)
	at java.base/java.util.Optional.ifPresent(Optional.java:182)
	at com.enterprise.scheduler.config.ChatWebSocketHandler.afterConnectionEstablished(ChatWebSocketHandler.java:49)
	at org.springframework.web.socket.handler.WebSocketHandlerDecorator.afterConnectionEstablished(WebSocketHandlerDecorator.java:70)
	at org.springframework.web.socket.handler.LoggingWebSocketHandlerDecorator.afterConnectionEstablished(LoggingWebSocketHandlerDecorator.java:48)
	at org.springframework.web.socket.handler.ExceptionWebSocketHandlerDecorator.afterConnectionEstablished(ExceptionWebSocketHandlerDecorator.java:48)
	at org.springframework.web.socket.adapter.standard.StandardWebSocketHandlerAdapter.onOpen(StandardWebSocketHandlerAdapter.java:103)
	at org.apache.tomcat.websocket.server.WsHttpUpgradeHandler.init(WsHttpUpgradeHandler.java:131)
	at org.apache.coyote.AbstractProtocol$ConnectionHandler.process(AbstractProtocol.java:945)
	at org.apache.tomcat.util.net.NioEndpoint$SocketProcessor.doRun(NioEndpoint.java:1740)
	at org.apache.tomcat.util.net.SocketProcessorBase.run(SocketProcessorBase.java:52)
	at org.apache.tomcat.util.threads.ThreadPoolExecutor.runWorker(ThreadPoolExecutor.java:1189)
	at org.apache.tomcat.util.threads.ThreadPoolExecutor$Worker.run(ThreadPoolExecutor.java:658)
	at org.apache.tomcat.util.threads.TaskThread$WrappingRunnable.run(TaskThread.java:63)
	at java.base/java.lang.Thread.run(Thread.java:1516)
Caused by: org.hibernate.StaleObjectStateException: Row was updated or deleted by another transaction (or unsaved-value mapping was incorrect): [com.enterprise.scheduler.user.User#4]
	at org.hibernate.engine.jdbc.mutation.internal.ModelMutationHelper.identifiedResultsCheck(ModelMutationHelper.java:75)
	at org.hibernate.persister.entity.mutation.UpdateCoordinatorStandard.lambda$doStaticUpdate$9(UpdateCoordinatorStandard.java:785)
	at org.hibernate.engine.jdbc.mutation.internal.ModelMutationHelper.checkResults(ModelMutationHelper.java:50)
	at org.hibernate.engine.jdbc.mutation.internal.AbstractMutationExecutor.performNonBatchedMutation(AbstractMutationExecutor.java:141)
	at org.hibernate.engine.jdbc.mutation.internal.MutationExecutorSingleNonBatched.performNonBatchedOperations(MutationExecutorSingleNonBatched.java:55)
	at org.hibernate.engine.jdbc.mutation.internal.AbstractMutationExecutor.execute(AbstractMutationExecutor.java:55)
	at org.hibernate.persister.entity.mutation.UpdateCoordinatorStandard.doStaticUpdate(UpdateCoordinatorStandard.java:781)
	at org.hibernate.persister.entity.mutation.UpdateCoordinatorStandard.performUpdate(UpdateCoordinatorStandard.java:328)
	at org.hibernate.persister.entity.mutation.UpdateCoordinatorStandard.update(UpdateCoordinatorStandard.java:245)
	at org.hibernate.action.internal.EntityUpdateAction.execute(EntityUpdateAction.java:169)
	at org.hibernate.engine.spi.ActionQueue.executeActions(ActionQueue.java:644)
	at org.hibernate.engine.spi.ActionQueue.executeActions(ActionQueue.java:511)
	at org.hibernate.event.internal.AbstractFlushingEventListener.performExecutions(AbstractFlushingEventListener.java:414)
	at org.hibernate.event.internal.DefaultFlushEventListener.onFlush(DefaultFlushEventListener.java:41)
	at org.hibernate.event.service.internal.EventListenerGroupImpl.fireEventOnEachListener(EventListenerGroupImpl.java:127)
	at org.hibernate.internal.SessionImpl.doFlush(SessionImpl.java:1429)
	at org.hibernate.internal.SessionImpl.managedFlush(SessionImpl.java:491)
	at org.hibernate.internal.SessionImpl.flushBeforeTransactionCompletion(SessionImpl.java:2354)
	at org.hibernate.internal.SessionImpl.beforeTransactionCompletion(SessionImpl.java:1978)
	at org.hibernate.engine.jdbc.internal.JdbcCoordinatorImpl.beforeTransactionCompletion(JdbcCoordinatorImpl.java:439)
	at org.hibernate.resource.transaction.backend.jdbc.internal.JdbcResourceLocalTransactionCoordinatorImpl.beforeCompletionCallback(JdbcResourceLocalTransactionCoordinatorImpl.java:169)
	at org.hibernate.resource.transaction.backend.jdbc.internal.JdbcResourceLocalTransactionCoordinatorImpl$TransactionDriverControlImpl.commit(JdbcResourceLocalTransactionCoordinatorImpl.java:267)
	at org.hibernate.engine.transaction.internal.TransactionImpl.commit(TransactionImpl.java:101)
	at org.springframework.orm.jpa.JpaTransactionManager.doCommit(JpaTransactionManager.java:562)
	... 27 common frames omitted
2026-07-11 16:52:02.489 [http-nio-8080-exec-9] ERROR c.e.s.config.ChatWebSocketHandler [traceId=] - Failed to broadcast status change for gopi@gmail.com
org.hibernate.LazyInitializationException: Could not initialize proxy [com.enterprise.scheduler.user.User#3] - no session
	at org.hibernate.proxy.AbstractLazyInitializer.initialize(AbstractLazyInitializer.java:174)
	at org.hibernate.proxy.AbstractLazyInitializer.getImplementation(AbstractLazyInitializer.java:328)
	at org.hibernate.proxy.pojo.bytebuddy.ByteBuddyInterceptor.intercept(ByteBuddyInterceptor.java:44)
	at org.hibernate.proxy.ProxyConfiguration$InterceptorDispatcher.intercept(ProxyConfiguration.java:102)
	at com.enterprise.scheduler.user.User$HibernateProxy.getEmail(Unknown Source)
	at com.enterprise.scheduler.config.ChatWebSocketHandler.broadcastStatusChange(ChatWebSocketHandler.java:143)
	at com.enterprise.scheduler.config.ChatWebSocketHandler.afterConnectionClosed(ChatWebSocketHandler.java:78)
	at org.springframework.web.socket.handler.WebSocketHandlerDecorator.afterConnectionClosed(WebSocketHandlerDecorator.java:85)
	at org.springframework.web.socket.handler.LoggingWebSocketHandlerDecorator.afterConnectionClosed(LoggingWebSocketHandlerDecorator.java:72)
	at org.springframework.web.socket.handler.ExceptionWebSocketHandlerDecorator.afterConnectionClosed(ExceptionWebSocketHandlerDecorator.java:78)
	at org.springframework.web.socket.adapter.standard.StandardWebSocketHandlerAdapter.onClose(StandardWebSocketHandlerAdapter.java:144)
	at org.apache.tomcat.websocket.WsSession.fireEndpointOnClose(WsSession.java:719)
	at org.apache.tomcat.websocket.WsSession.onClose(WsSession.java:627)
	at org.apache.tomcat.websocket.WsFrameBase.processDataControl(WsFrameBase.java:346)
	at org.apache.tomcat.websocket.WsFrameBase.processData(WsFrameBase.java:278)
	at org.apache.tomcat.websocket.WsFrameBase.processInputBuffer(WsFrameBase.java:129)
	at org.apache.tomcat.websocket.server.WsFrameServer.onDataAvailable(WsFrameServer.java:85)
	at org.apache.tomcat.websocket.server.WsFrameServer.doOnDataAvailable(WsFrameServer.java:184)
	at org.apache.tomcat.websocket.server.WsFrameServer.notifyDataAvailable(WsFrameServer.java:164)
	at org.apache.tomcat.websocket.server.WsHttpUpgradeHandler.upgradeDispatch(WsHttpUpgradeHandler.java:152)
	at org.apache.coyote.http11.upgrade.UpgradeProcessorInternal.dispatch(UpgradeProcessorInternal.java:60)
	at org.apache.coyote.AbstractProcessorLight.process(AbstractProcessorLight.java:57)
	at org.apache.coyote.AbstractProtocol$ConnectionHandler.process(AbstractProtocol.java:903)
	at org.apache.tomcat.util.net.NioEndpoint$SocketProcessor.doRun(NioEndpoint.java:1740)
	at org.apache.tomcat.util.net.SocketProcessorBase.run(SocketProcessorBase.java:52)
	at org.apache.tomcat.util.threads.ThreadPoolExecutor.runWorker(ThreadPoolExecutor.java:1189)
	at org.apache.tomcat.util.threads.ThreadPoolExecutor$Worker.run(ThreadPoolExecutor.java:658)
	at org.apache.tomcat.util.threads.TaskThread$WrappingRunnable.run(TaskThread.java:63)
	at java.base/java.lang.Thread.run(Thread.java:1516)
2026-07-11 16:52:02.492 [http-nio-8080-exec-3] ERROR c.e.s.config.ChatWebSocketHandler [traceId=] - Failed to broadcast status change for gopi@gmail.com
org.hibernate.LazyInitializationException: Could not initialize proxy [com.enterprise.scheduler.user.User#3] - no session
	at org.hibernate.proxy.AbstractLazyInitializer.initialize(AbstractLazyInitializer.java:174)
	at org.hibernate.proxy.AbstractLazyInitializer.getImplementation(AbstractLazyInitializer.java:328)
	at org.hibernate.proxy.pojo.bytebuddy.ByteBuddyInterceptor.intercept(ByteBuddyInterceptor.java:44)
	at org.hibernate.proxy.ProxyConfiguration$InterceptorDispatcher.intercept(ProxyConfiguration.java:102)
	at com.enterprise.scheduler.user.User$HibernateProxy.getEmail(Unknown Source)
	at com.enterprise.scheduler.config.ChatWebSocketHandler.broadcastStatusChange(ChatWebSocketHandler.java:143)
	at com.enterprise.scheduler.config.ChatWebSocketHandler.afterConnectionEstablished(ChatWebSocketHandler.java:57)
	at org.springframework.web.socket.handler.WebSocketHandlerDecorator.afterConnectionEstablished(WebSocketHandlerDecorator.java:70)
	at org.springframework.web.socket.handler.LoggingWebSocketHandlerDecorator.afterConnectionEstablished(LoggingWebSocketHandlerDecorator.java:48)
	at org.springframework.web.socket.handler.ExceptionWebSocketHandlerDecorator.afterConnectionEstablished(ExceptionWebSocketHandlerDecorator.java:48)
	at org.springframework.web.socket.adapter.standard.StandardWebSocketHandlerAdapter.onOpen(StandardWebSocketHandlerAdapter.java:103)
	at org.apache.tomcat.websocket.server.WsHttpUpgradeHandler.init(WsHttpUpgradeHandler.java:131)
	at org.apache.coyote.AbstractProtocol$ConnectionHandler.process(AbstractProtocol.java:945)
	at org.apache.tomcat.util.net.NioEndpoint$SocketProcessor.doRun(NioEndpoint.java:1740)
	at org.apache.tomcat.util.net.SocketProcessorBase.run(SocketProcessorBase.java:52)
	at org.apache.tomcat.util.threads.ThreadPoolExecutor.runWorker(ThreadPoolExecutor.java:1189)
	at org.apache.tomcat.util.threads.ThreadPoolExecutor$Worker.run(ThreadPoolExecutor.java:658)
	at org.apache.tomcat.util.threads.TaskThread$WrappingRunnable.run(TaskThread.java:63)
	at java.base/java.lang.Thread.run(Thread.java:1516)
2026-07-11 16:52:27.589 [http-nio-8080-exec-7] INFO  c.e.s.n.NotificationServiceImpl [traceId=e4942697-6ec7-44b7-8d83-f484b5ae9dca] - Created alert for user: gnanitha@gmail.com
2026-07-11 16:52:27.592 [http-nio-8080-exec-7] INFO  c.e.s.config.ChatWebSocketHandler [traceId=e4942697-6ec7-44b7-8d83-f484b5ae9dca] - WebSocket notification sent to: gopi@gmail.com
2026-07-11 16:52:29.905 [http-nio-8080-exec-8] INFO  c.e.s.config.ChatWebSocketHandler [traceId=] - WebSocket connection closed for user: gopi@gmail.com with status: CloseStatus[code=1000, reason=null]
2026-07-11 16:52:29.922 [http-nio-8080-exec-8] ERROR c.e.s.config.ChatWebSocketHandler [traceId=] - Failed to broadcast status change for gopi@gmail.com
org.hibernate.LazyInitializationException: Could not initialize proxy [com.enterprise.scheduler.user.User#3] - no session
	at org.hibernate.proxy.AbstractLazyInitializer.initialize(AbstractLazyInitializer.java:174)
	at org.hibernate.proxy.AbstractLazyInitializer.getImplementation(AbstractLazyInitializer.java:328)
	at org.hibernate.proxy.pojo.bytebuddy.ByteBuddyInterceptor.intercept(ByteBuddyInterceptor.java:44)
	at org.hibernate.proxy.ProxyConfiguration$InterceptorDispatcher.intercept(ProxyConfiguration.java:102)
	at com.enterprise.scheduler.user.User$HibernateProxy.getEmail(Unknown Source)
	at com.enterprise.scheduler.config.ChatWebSocketHandler.broadcastStatusChange(ChatWebSocketHandler.java:143)
	at com.enterprise.scheduler.config.ChatWebSocketHandler.afterConnectionClosed(ChatWebSocketHandler.java:78)
	at org.springframework.web.socket.handler.WebSocketHandlerDecorator.afterConnectionClosed(WebSocketHandlerDecorator.java:85)
	at org.springframework.web.socket.handler.LoggingWebSocketHandlerDecorator.afterConnectionClosed(LoggingWebSocketHandlerDecorator.java:72)
	at org.springframework.web.socket.handler.ExceptionWebSocketHandlerDecorator.afterConnectionClosed(ExceptionWebSocketHandlerDecorator.java:78)
	at org.springframework.web.socket.adapter.standard.StandardWebSocketHandlerAdapter.onClose(StandardWebSocketHandlerAdapter.java:144)
	at org.apache.tomcat.websocket.WsSession.fireEndpointOnClose(WsSession.java:719)
	at org.apache.tomcat.websocket.WsSession.onClose(WsSession.java:627)
	at org.apache.tomcat.websocket.WsFrameBase.processDataControl(WsFrameBase.java:346)
	at org.apache.tomcat.websocket.WsFrameBase.processData(WsFrameBase.java:278)
	at org.apache.tomcat.websocket.WsFrameBase.processInputBuffer(WsFrameBase.java:129)
	at org.apache.tomcat.websocket.server.WsFrameServer.onDataAvailable(WsFrameServer.java:85)
	at org.apache.tomcat.websocket.server.WsFrameServer.doOnDataAvailable(WsFrameServer.java:184)
	at org.apache.tomcat.websocket.server.WsFrameServer.notifyDataAvailable(WsFrameServer.java:164)
	at org.apache.tomcat.websocket.server.WsHttpUpgradeHandler.upgradeDispatch(WsHttpUpgradeHandler.java:152)
	at org.apache.coyote.http11.upgrade.UpgradeProcessorInternal.dispatch(UpgradeProcessorInternal.java:60)
	at org.apache.coyote.AbstractProcessorLight.process(AbstractProcessorLight.java:57)
	at org.apache.coyote.AbstractProtocol$ConnectionHandler.process(AbstractProtocol.java:903)
	at org.apache.tomcat.util.net.NioEndpoint$SocketProcessor.doRun(NioEndpoint.java:1740)
	at org.apache.tomcat.util.net.SocketProcessorBase.run(SocketProcessorBase.java:52)
	at org.apache.tomcat.util.threads.ThreadPoolExecutor.runWorker(ThreadPoolExecutor.java:1189)
	at org.apache.tomcat.util.threads.ThreadPoolExecutor$Worker.run(ThreadPoolExecutor.java:658)
	at org.apache.tomcat.util.threads.TaskThread$WrappingRunnable.run(TaskThread.java:63)
	at java.base/java.lang.Thread.run(Thread.java:1516)
2026-07-11 16:52:46.110 [http-nio-8080-exec-5] INFO  c.e.s.s.QuartzSchedulerServiceImpl [traceId=d00b7efd-0b30-4f1d-bec6-b10979123417] - Successfully scheduled Quartz job for message ID: 15
2026-07-11 16:52:49.353 [http-nio-8080-exec-7] INFO  c.e.s.c.WebSocketHandshakeInterceptor [traceId=4677b8a2-b76e-494f-afc9-46b11b1fb96c] - WebSocket handshake successful for user: gopi@gmail.com
2026-07-11 16:52:49.801 [http-nio-8080-exec-3] INFO  c.e.s.c.WebSocketHandshakeInterceptor [traceId=568365da-e8c4-49e1-9c53-7b705d240140] - WebSocket handshake successful for user: gopi@gmail.com
2026-07-11 16:52:49.803 [http-nio-8080-exec-7] INFO  c.e.s.config.ChatWebSocketHandler [traceId=] - WebSocket connection established for user: gopi@gmail.com
2026-07-11 16:52:49.811 [http-nio-8080-exec-3] INFO  c.e.s.config.ChatWebSocketHandler [traceId=] - WebSocket connection established for user: gopi@gmail.com
2026-07-11 16:52:49.827 [http-nio-8080-exec-7] ERROR c.e.s.config.ChatWebSocketHandler [traceId=] - Failed to update last seen on connect
org.springframework.orm.ObjectOptimisticLockingFailureException: Row was updated or deleted by another transaction (or unsaved-value mapping was incorrect): [com.enterprise.scheduler.user.User#4]
	at org.springframework.orm.jpa.vendor.HibernateJpaDialect.convertHibernateAccessException(HibernateJpaDialect.java:329)
	at org.springframework.orm.jpa.vendor.HibernateJpaDialect.convertHibernateAccessException(HibernateJpaDialect.java:256)
	at org.springframework.orm.jpa.vendor.HibernateJpaDialect.translateExceptionIfPossible(HibernateJpaDialect.java:244)
	at org.springframework.orm.jpa.JpaTransactionManager.doCommit(JpaTransactionManager.java:566)
	at org.springframework.transaction.support.AbstractPlatformTransactionManager.processCommit(AbstractPlatformTransactionManager.java:795)
	at org.springframework.transaction.support.AbstractPlatformTransactionManager.commit(AbstractPlatformTransactionManager.java:758)
	at org.springframework.transaction.interceptor.TransactionAspectSupport.commitTransactionAfterReturning(TransactionAspectSupport.java:698)
	at org.springframework.transaction.interceptor.TransactionAspectSupport.invokeWithinTransaction(TransactionAspectSupport.java:416)
	at org.springframework.transaction.interceptor.TransactionInterceptor.invoke(TransactionInterceptor.java:119)
	at org.springframework.aop.framework.ReflectiveMethodInvocation.proceed(ReflectiveMethodInvocation.java:184)
	at org.springframework.dao.support.PersistenceExceptionTranslationInterceptor.invoke(PersistenceExceptionTranslationInterceptor.java:138)
	at org.springframework.aop.framework.ReflectiveMethodInvocation.proceed(ReflectiveMethodInvocation.java:184)
	at org.springframework.data.jpa.repository.support.CrudMethodMetadataPostProcessor$CrudMethodMetadataPopulatingMethodInterceptor.invoke(CrudMethodMetadataPostProcessor.java:165)
	at org.springframework.aop.framework.ReflectiveMethodInvocation.proceed(ReflectiveMethodInvocation.java:184)
	at org.springframework.aop.framework.JdkDynamicAopProxy.invoke(JdkDynamicAopProxy.java:223)
	at jdk.proxy4/jdk.proxy4.$Proxy182.save(Unknown Source)
	at com.enterprise.scheduler.config.ChatWebSocketHandler.lambda$afterConnectionEstablished$0(ChatWebSocketHandler.java:51)
	at java.base/java.util.Optional.ifPresent(Optional.java:182)
	at com.enterprise.scheduler.config.ChatWebSocketHandler.afterConnectionEstablished(ChatWebSocketHandler.java:49)
	at org.springframework.web.socket.handler.WebSocketHandlerDecorator.afterConnectionEstablished(WebSocketHandlerDecorator.java:70)
	at org.springframework.web.socket.handler.LoggingWebSocketHandlerDecorator.afterConnectionEstablished(LoggingWebSocketHandlerDecorator.java:48)
	at org.springframework.web.socket.handler.ExceptionWebSocketHandlerDecorator.afterConnectionEstablished(ExceptionWebSocketHandlerDecorator.java:48)
	at org.springframework.web.socket.adapter.standard.StandardWebSocketHandlerAdapter.onOpen(StandardWebSocketHandlerAdapter.java:103)
	at org.apache.tomcat.websocket.server.WsHttpUpgradeHandler.init(WsHttpUpgradeHandler.java:131)
	at org.apache.coyote.AbstractProtocol$ConnectionHandler.process(AbstractProtocol.java:945)
	at org.apache.tomcat.util.net.NioEndpoint$SocketProcessor.doRun(NioEndpoint.java:1740)
	at org.apache.tomcat.util.net.SocketProcessorBase.run(SocketProcessorBase.java:52)
	at org.apache.tomcat.util.threads.ThreadPoolExecutor.runWorker(ThreadPoolExecutor.java:1189)
	at org.apache.tomcat.util.threads.ThreadPoolExecutor$Worker.run(ThreadPoolExecutor.java:658)
	at org.apache.tomcat.util.threads.TaskThread$WrappingRunnable.run(TaskThread.java:63)
	at java.base/java.lang.Thread.run(Thread.java:1516)
Caused by: org.hibernate.StaleObjectStateException: Row was updated or deleted by another transaction (or unsaved-value mapping was incorrect): [com.enterprise.scheduler.user.User#4]
	at org.hibernate.engine.jdbc.mutation.internal.ModelMutationHelper.identifiedResultsCheck(ModelMutationHelper.java:75)
	at org.hibernate.persister.entity.mutation.UpdateCoordinatorStandard.lambda$doStaticUpdate$9(UpdateCoordinatorStandard.java:785)
	at org.hibernate.engine.jdbc.mutation.internal.ModelMutationHelper.checkResults(ModelMutationHelper.java:50)
	at org.hibernate.engine.jdbc.mutation.internal.AbstractMutationExecutor.performNonBatchedMutation(AbstractMutationExecutor.java:141)
	at org.hibernate.engine.jdbc.mutation.internal.MutationExecutorSingleNonBatched.performNonBatchedOperations(MutationExecutorSingleNonBatched.java:55)
	at org.hibernate.engine.jdbc.mutation.internal.AbstractMutationExecutor.execute(AbstractMutationExecutor.java:55)
	at org.hibernate.persister.entity.mutation.UpdateCoordinatorStandard.doStaticUpdate(UpdateCoordinatorStandard.java:781)
	at org.hibernate.persister.entity.mutation.UpdateCoordinatorStandard.performUpdate(UpdateCoordinatorStandard.java:328)
	at org.hibernate.persister.entity.mutation.UpdateCoordinatorStandard.update(UpdateCoordinatorStandard.java:245)
	at org.hibernate.action.internal.EntityUpdateAction.execute(EntityUpdateAction.java:169)
	at org.hibernate.engine.spi.ActionQueue.executeActions(ActionQueue.java:644)
	at org.hibernate.engine.spi.ActionQueue.executeActions(ActionQueue.java:511)
	at org.hibernate.event.internal.AbstractFlushingEventListener.performExecutions(AbstractFlushingEventListener.java:414)
	at org.hibernate.event.internal.DefaultFlushEventListener.onFlush(DefaultFlushEventListener.java:41)
	at org.hibernate.event.service.internal.EventListenerGroupImpl.fireEventOnEachListener(EventListenerGroupImpl.java:127)
	at org.hibernate.internal.SessionImpl.doFlush(SessionImpl.java:1429)
	at org.hibernate.internal.SessionImpl.managedFlush(SessionImpl.java:491)
	at org.hibernate.internal.SessionImpl.flushBeforeTransactionCompletion(SessionImpl.java:2354)
	at org.hibernate.internal.SessionImpl.beforeTransactionCompletion(SessionImpl.java:1978)
	at org.hibernate.engine.jdbc.internal.JdbcCoordinatorImpl.beforeTransactionCompletion(JdbcCoordinatorImpl.java:439)
	at org.hibernate.resource.transaction.backend.jdbc.internal.JdbcResourceLocalTransactionCoordinatorImpl.beforeCompletionCallback(JdbcResourceLocalTransactionCoordinatorImpl.java:169)
	at org.hibernate.resource.transaction.backend.jdbc.internal.JdbcResourceLocalTransactionCoordinatorImpl$TransactionDriverControlImpl.commit(JdbcResourceLocalTransactionCoordinatorImpl.java:267)
	at org.hibernate.engine.transaction.internal.TransactionImpl.commit(TransactionImpl.java:101)
	at org.springframework.orm.jpa.JpaTransactionManager.doCommit(JpaTransactionManager.java:562)
	... 27 common frames omitted
2026-07-11 16:52:50.133 [http-nio-8080-exec-7] ERROR c.e.s.config.ChatWebSocketHandler [traceId=] - Failed to broadcast status change for gopi@gmail.com
org.hibernate.LazyInitializationException: Could not initialize proxy [com.enterprise.scheduler.user.User#3] - no session
	at org.hibernate.proxy.AbstractLazyInitializer.initialize(AbstractLazyInitializer.java:174)
	at org.hibernate.proxy.AbstractLazyInitializer.getImplementation(AbstractLazyInitializer.java:328)
	at org.hibernate.proxy.pojo.bytebuddy.ByteBuddyInterceptor.intercept(ByteBuddyInterceptor.java:44)
	at org.hibernate.proxy.ProxyConfiguration$InterceptorDispatcher.intercept(ProxyConfiguration.java:102)
	at com.enterprise.scheduler.user.User$HibernateProxy.getEmail(Unknown Source)
	at com.enterprise.scheduler.config.ChatWebSocketHandler.broadcastStatusChange(ChatWebSocketHandler.java:143)
	at com.enterprise.scheduler.config.ChatWebSocketHandler.afterConnectionEstablished(ChatWebSocketHandler.java:57)
	at org.springframework.web.socket.handler.WebSocketHandlerDecorator.afterConnectionEstablished(WebSocketHandlerDecorator.java:70)
	at org.springframework.web.socket.handler.LoggingWebSocketHandlerDecorator.afterConnectionEstablished(LoggingWebSocketHandlerDecorator.java:48)
	at org.springframework.web.socket.handler.ExceptionWebSocketHandlerDecorator.afterConnectionEstablished(ExceptionWebSocketHandlerDecorator.java:48)
	at org.springframework.web.socket.adapter.standard.StandardWebSocketHandlerAdapter.onOpen(StandardWebSocketHandlerAdapter.java:103)
	at org.apache.tomcat.websocket.server.WsHttpUpgradeHandler.init(WsHttpUpgradeHandler.java:131)
	at org.apache.coyote.AbstractProtocol$ConnectionHandler.process(AbstractProtocol.java:945)
	at org.apache.tomcat.util.net.NioEndpoint$SocketProcessor.doRun(NioEndpoint.java:1740)
	at org.apache.tomcat.util.net.SocketProcessorBase.run(SocketProcessorBase.java:52)
	at org.apache.tomcat.util.threads.ThreadPoolExecutor.runWorker(ThreadPoolExecutor.java:1189)
	at org.apache.tomcat.util.threads.ThreadPoolExecutor$Worker.run(ThreadPoolExecutor.java:658)
	at org.apache.tomcat.util.threads.TaskThread$WrappingRunnable.run(TaskThread.java:63)
	at java.base/java.lang.Thread.run(Thread.java:1516)
2026-07-11 16:52:50.214 [http-nio-8080-exec-7] INFO  c.e.s.config.ChatWebSocketHandler [traceId=] - WebSocket connection closed for user: gopi@gmail.com with status: CloseStatus[code=1006, reason=An established connection was aborted by the software in your host machine]
2026-07-11 16:52:50.231 [http-nio-8080-exec-3] ERROR c.e.s.config.ChatWebSocketHandler [traceId=] - Failed to broadcast status change for gopi@gmail.com
org.hibernate.LazyInitializationException: Could not initialize proxy [com.enterprise.scheduler.user.User#3] - no session
	at org.hibernate.proxy.AbstractLazyInitializer.initialize(AbstractLazyInitializer.java:174)
	at org.hibernate.proxy.AbstractLazyInitializer.getImplementation(AbstractLazyInitializer.java:328)
	at org.hibernate.proxy.pojo.bytebuddy.ByteBuddyInterceptor.intercept(ByteBuddyInterceptor.java:44)
	at org.hibernate.proxy.ProxyConfiguration$InterceptorDispatcher.intercept(ProxyConfiguration.java:102)
	at com.enterprise.scheduler.user.User$HibernateProxy.getEmail(Unknown Source)
	at com.enterprise.scheduler.config.ChatWebSocketHandler.broadcastStatusChange(ChatWebSocketHandler.java:143)
	at com.enterprise.scheduler.config.ChatWebSocketHandler.afterConnectionEstablished(ChatWebSocketHandler.java:57)
	at org.springframework.web.socket.handler.WebSocketHandlerDecorator.afterConnectionEstablished(WebSocketHandlerDecorator.java:70)
	at org.springframework.web.socket.handler.LoggingWebSocketHandlerDecorator.afterConnectionEstablished(LoggingWebSocketHandlerDecorator.java:48)
	at org.springframework.web.socket.handler.ExceptionWebSocketHandlerDecorator.afterConnectionEstablished(ExceptionWebSocketHandlerDecorator.java:48)
	at org.springframework.web.socket.adapter.standard.StandardWebSocketHandlerAdapter.onOpen(StandardWebSocketHandlerAdapter.java:103)
	at org.apache.tomcat.websocket.server.WsHttpUpgradeHandler.init(WsHttpUpgradeHandler.java:131)
	at org.apache.coyote.AbstractProtocol$ConnectionHandler.process(AbstractProtocol.java:945)
	at org.apache.tomcat.util.net.NioEndpoint$SocketProcessor.doRun(NioEndpoint.java:1740)
	at org.apache.tomcat.util.net.SocketProcessorBase.run(SocketProcessorBase.java:52)
	at org.apache.tomcat.util.threads.ThreadPoolExecutor.runWorker(ThreadPoolExecutor.java:1189)
	at org.apache.tomcat.util.threads.ThreadPoolExecutor$Worker.run(ThreadPoolExecutor.java:658)
	at org.apache.tomcat.util.threads.TaskThread$WrappingRunnable.run(TaskThread.java:63)
	at java.base/java.lang.Thread.run(Thread.java:1516)
2026-07-11 16:52:50.350 [http-nio-8080-exec-7] ERROR c.e.s.config.ChatWebSocketHandler [traceId=] - Failed to broadcast status change for gopi@gmail.com
org.hibernate.LazyInitializationException: Could not initialize proxy [com.enterprise.scheduler.user.User#3] - no session
	at org.hibernate.proxy.AbstractLazyInitializer.initialize(AbstractLazyInitializer.java:174)
	at org.hibernate.proxy.AbstractLazyInitializer.getImplementation(AbstractLazyInitializer.java:328)
	at org.hibernate.proxy.pojo.bytebuddy.ByteBuddyInterceptor.intercept(ByteBuddyInterceptor.java:44)
	at org.hibernate.proxy.ProxyConfiguration$InterceptorDispatcher.intercept(ProxyConfiguration.java:102)
	at com.enterprise.scheduler.user.User$HibernateProxy.getEmail(Unknown Source)
	at com.enterprise.scheduler.config.ChatWebSocketHandler.broadcastStatusChange(ChatWebSocketHandler.java:143)
	at com.enterprise.scheduler.config.ChatWebSocketHandler.afterConnectionClosed(ChatWebSocketHandler.java:78)
	at org.springframework.web.socket.handler.WebSocketHandlerDecorator.afterConnectionClosed(WebSocketHandlerDecorator.java:85)
	at org.springframework.web.socket.handler.LoggingWebSocketHandlerDecorator.afterConnectionClosed(LoggingWebSocketHandlerDecorator.java:72)
	at org.springframework.web.socket.handler.ExceptionWebSocketHandlerDecorator.afterConnectionClosed(ExceptionWebSocketHandlerDecorator.java:78)
	at org.springframework.web.socket.adapter.standard.StandardWebSocketHandlerAdapter.onClose(StandardWebSocketHandlerAdapter.java:144)
	at org.apache.tomcat.websocket.WsSession.fireEndpointOnClose(WsSession.java:719)
	at org.apache.tomcat.websocket.WsSession.onClose(WsSession.java:627)
	at org.apache.tomcat.websocket.server.WsHttpUpgradeHandler.close(WsHttpUpgradeHandler.java:256)
	at org.apache.tomcat.websocket.server.WsHttpUpgradeHandler.upgradeDispatch(WsHttpUpgradeHandler.java:158)
	at org.apache.coyote.http11.upgrade.UpgradeProcessorInternal.dispatch(UpgradeProcessorInternal.java:60)
	at org.apache.coyote.AbstractProcessorLight.process(AbstractProcessorLight.java:57)
	at org.apache.coyote.AbstractProtocol$ConnectionHandler.process(AbstractProtocol.java:903)
	at org.apache.tomcat.util.net.NioEndpoint$SocketProcessor.doRun(NioEndpoint.java:1740)
	at org.apache.tomcat.util.net.SocketProcessorBase.run(SocketProcessorBase.java:52)
	at org.apache.tomcat.util.threads.ThreadPoolExecutor.runWorker(ThreadPoolExecutor.java:1189)
	at org.apache.tomcat.util.threads.ThreadPoolExecutor$Worker.run(ThreadPoolExecutor.java:658)
	at org.apache.tomcat.util.threads.TaskThread$WrappingRunnable.run(TaskThread.java:63)
	at java.base/java.lang.Thread.run(Thread.java:1516)
2026-07-11 16:53:55.100 [http-nio-8080-exec-3] INFO  c.e.s.config.ChatWebSocketHandler [traceId=] - WebSocket connection closed for user: gopi@gmail.com with status: CloseStatus[code=1000, reason=null]
2026-07-11 16:53:55.119 [http-nio-8080-exec-3] ERROR c.e.s.config.ChatWebSocketHandler [traceId=] - Failed to broadcast status change for gopi@gmail.com
org.hibernate.LazyInitializationException: Could not initialize proxy [com.enterprise.scheduler.user.User#3] - no session
	at org.hibernate.proxy.AbstractLazyInitializer.initialize(AbstractLazyInitializer.java:174)
	at org.hibernate.proxy.AbstractLazyInitializer.getImplementation(AbstractLazyInitializer.java:328)
	at org.hibernate.proxy.pojo.bytebuddy.ByteBuddyInterceptor.intercept(ByteBuddyInterceptor.java:44)
	at org.hibernate.proxy.ProxyConfiguration$InterceptorDispatcher.intercept(ProxyConfiguration.java:102)
	at com.enterprise.scheduler.user.User$HibernateProxy.getEmail(Unknown Source)
	at com.enterprise.scheduler.config.ChatWebSocketHandler.broadcastStatusChange(ChatWebSocketHandler.java:143)
	at com.enterprise.scheduler.config.ChatWebSocketHandler.afterConnectionClosed(ChatWebSocketHandler.java:78)
	at org.springframework.web.socket.handler.WebSocketHandlerDecorator.afterConnectionClosed(WebSocketHandlerDecorator.java:85)
	at org.springframework.web.socket.handler.LoggingWebSocketHandlerDecorator.afterConnectionClosed(LoggingWebSocketHandlerDecorator.java:72)
	at org.springframework.web.socket.handler.ExceptionWebSocketHandlerDecorator.afterConnectionClosed(ExceptionWebSocketHandlerDecorator.java:78)
	at org.springframework.web.socket.adapter.standard.StandardWebSocketHandlerAdapter.onClose(StandardWebSocketHandlerAdapter.java:144)
	at org.apache.tomcat.websocket.WsSession.fireEndpointOnClose(WsSession.java:719)
	at org.apache.tomcat.websocket.WsSession.onClose(WsSession.java:627)
	at org.apache.tomcat.websocket.WsFrameBase.processDataControl(WsFrameBase.java:346)
	at org.apache.tomcat.websocket.WsFrameBase.processData(WsFrameBase.java:278)
	at org.apache.tomcat.websocket.WsFrameBase.processInputBuffer(WsFrameBase.java:129)
	at org.apache.tomcat.websocket.server.WsFrameServer.onDataAvailable(WsFrameServer.java:85)
	at org.apache.tomcat.websocket.server.WsFrameServer.doOnDataAvailable(WsFrameServer.java:184)
	at org.apache.tomcat.websocket.server.WsFrameServer.notifyDataAvailable(WsFrameServer.java:164)
	at org.apache.tomcat.websocket.server.WsHttpUpgradeHandler.upgradeDispatch(WsHttpUpgradeHandler.java:152)
	at org.apache.coyote.http11.upgrade.UpgradeProcessorInternal.dispatch(UpgradeProcessorInternal.java:60)
	at org.apache.coyote.AbstractProcessorLight.process(AbstractProcessorLight.java:57)
	at org.apache.coyote.AbstractProtocol$ConnectionHandler.process(AbstractProtocol.java:903)
	at org.apache.tomcat.util.net.NioEndpoint$SocketProcessor.doRun(NioEndpoint.java:1740)
	at org.apache.tomcat.util.net.SocketProcessorBase.run(SocketProcessorBase.java:52)
	at org.apache.tomcat.util.threads.ThreadPoolExecutor.runWorker(ThreadPoolExecutor.java:1189)
	at org.apache.tomcat.util.threads.ThreadPoolExecutor$Worker.run(ThreadPoolExecutor.java:658)
	at org.apache.tomcat.util.threads.TaskThread$WrappingRunnable.run(TaskThread.java:63)
	at java.base/java.lang.Thread.run(Thread.java:1516)
2026-07-11 16:54:00.056 [ScheduledMessagingScheduler_Worker-1] INFO  c.e.s.scheduler.MessageDeliveryJob [traceId=] - Executing message delivery job for message ID: 15
2026-07-11 16:54:00.062 [ScheduledMessagingScheduler_Worker-1] INFO  c.e.s.message.MessageServiceImpl [traceId=] - Delivering message ID: 15 of type TEXT to receiver: gnanitha@gmail.com
2026-07-11 16:54:00.064 [ScheduledMessagingScheduler_Worker-1] INFO  c.e.s.message.MessageServiceImpl [traceId=] - >>> SENT MSG FROM gopi@gmail.com TO gnanitha@gmail.com: Em chestunnav
 
2026-07-11 16:54:00.070 [ScheduledMessagingScheduler_Worker-1] INFO  c.e.s.n.NotificationServiceImpl [traceId=] - Created alert for user: gnanitha@gmail.com
2026-07-11 16:54:01.108 [http-nio-8080-exec-2] INFO  c.e.s.c.WebSocketHandshakeInterceptor [traceId=9308fb01-8f69-41fa-907f-02123339c41b] - WebSocket handshake successful for user: gopi@gmail.com
2026-07-11 16:54:01.110 [http-nio-8080-exec-2] INFO  c.e.s.config.ChatWebSocketHandler [traceId=] - WebSocket connection established for user: gopi@gmail.com
2026-07-11 16:54:01.129 [http-nio-8080-exec-10] INFO  c.e.s.c.WebSocketHandshakeInterceptor [traceId=68f93e7c-7415-4b83-90df-67eb75eb2cc4] - WebSocket handshake successful for user: gopi@gmail.com
2026-07-11 16:54:01.130 [http-nio-8080-exec-10] INFO  c.e.s.config.ChatWebSocketHandler [traceId=] - WebSocket connection established for user: gopi@gmail.com
2026-07-11 16:54:01.145 [http-nio-8080-exec-10] ERROR c.e.s.config.ChatWebSocketHandler [traceId=] - Failed to update last seen on connect
org.springframework.orm.ObjectOptimisticLockingFailureException: Row was updated or deleted by another transaction (or unsaved-value mapping was incorrect): [com.enterprise.scheduler.user.User#4]
	at org.springframework.orm.jpa.vendor.HibernateJpaDialect.convertHibernateAccessException(HibernateJpaDialect.java:329)
	at org.springframework.orm.jpa.vendor.HibernateJpaDialect.convertHibernateAccessException(HibernateJpaDialect.java:256)
	at org.springframework.orm.jpa.vendor.HibernateJpaDialect.translateExceptionIfPossible(HibernateJpaDialect.java:244)
	at org.springframework.orm.jpa.AbstractEntityManagerFactoryBean.translateExceptionIfPossible(AbstractEntityManagerFactoryBean.java:560)
	at org.springframework.dao.support.ChainedPersistenceExceptionTranslator.translateExceptionIfPossible(ChainedPersistenceExceptionTranslator.java:61)
	at org.springframework.dao.support.DataAccessUtils.translateIfNecessary(DataAccessUtils.java:343)
	at org.springframework.dao.support.PersistenceExceptionTranslationInterceptor.invoke(PersistenceExceptionTranslationInterceptor.java:160)
	at org.springframework.aop.framework.ReflectiveMethodInvocation.proceed(ReflectiveMethodInvocation.java:184)
	at org.springframework.data.jpa.repository.support.CrudMethodMetadataPostProcessor$CrudMethodMetadataPopulatingMethodInterceptor.invoke(CrudMethodMetadataPostProcessor.java:165)
	at org.springframework.aop.framework.ReflectiveMethodInvocation.proceed(ReflectiveMethodInvocation.java:184)
	at org.springframework.aop.framework.JdkDynamicAopProxy.invoke(JdkDynamicAopProxy.java:223)
	at jdk.proxy4/jdk.proxy4.$Proxy182.save(Unknown Source)
	at com.enterprise.scheduler.config.ChatWebSocketHandler.lambda$afterConnectionEstablished$0(ChatWebSocketHandler.java:51)
	at java.base/java.util.Optional.ifPresent(Optional.java:182)
	at com.enterprise.scheduler.config.ChatWebSocketHandler.afterConnectionEstablished(ChatWebSocketHandler.java:49)
	at org.springframework.web.socket.handler.WebSocketHandlerDecorator.afterConnectionEstablished(WebSocketHandlerDecorator.java:70)
	at org.springframework.web.socket.handler.LoggingWebSocketHandlerDecorator.afterConnectionEstablished(LoggingWebSocketHandlerDecorator.java:48)
	at org.springframework.web.socket.handler.ExceptionWebSocketHandlerDecorator.afterConnectionEstablished(ExceptionWebSocketHandlerDecorator.java:48)
	at org.springframework.web.socket.adapter.standard.StandardWebSocketHandlerAdapter.onOpen(StandardWebSocketHandlerAdapter.java:103)
	at org.apache.tomcat.websocket.server.WsHttpUpgradeHandler.init(WsHttpUpgradeHandler.java:131)
	at org.apache.coyote.AbstractProtocol$ConnectionHandler.process(AbstractProtocol.java:945)
	at org.apache.tomcat.util.net.NioEndpoint$SocketProcessor.doRun(NioEndpoint.java:1740)
	at org.apache.tomcat.util.net.SocketProcessorBase.run(SocketProcessorBase.java:52)
	at org.apache.tomcat.util.threads.ThreadPoolExecutor.runWorker(ThreadPoolExecutor.java:1189)
	at org.apache.tomcat.util.threads.ThreadPoolExecutor$Worker.run(ThreadPoolExecutor.java:658)
	at org.apache.tomcat.util.threads.TaskThread$WrappingRunnable.run(TaskThread.java:63)
	at java.base/java.lang.Thread.run(Thread.java:1516)
Caused by: org.hibernate.StaleObjectStateException: Row was updated or deleted by another transaction (or unsaved-value mapping was incorrect): [com.enterprise.scheduler.user.User#4]
	at org.hibernate.event.internal.DefaultMergeEventListener.targetEntity(DefaultMergeEventListener.java:468)
	at org.hibernate.event.internal.DefaultMergeEventListener.entityIsDetached(DefaultMergeEventListener.java:438)
	at org.hibernate.event.internal.DefaultMergeEventListener.merge(DefaultMergeEventListener.java:214)
	at org.hibernate.event.internal.DefaultMergeEventListener.doMerge(DefaultMergeEventListener.java:152)
	at org.hibernate.event.internal.DefaultMergeEventListener.onMerge(DefaultMergeEventListener.java:136)
	at org.hibernate.event.internal.DefaultMergeEventListener.onMerge(DefaultMergeEventListener.java:89)
	at org.hibernate.event.service.internal.EventListenerGroupImpl.fireEventOnEachListener(EventListenerGroupImpl.java:127)
	at org.hibernate.internal.SessionImpl.fireMerge(SessionImpl.java:854)
	at org.hibernate.internal.SessionImpl.merge(SessionImpl.java:840)
	at java.base/jdk.internal.reflect.DirectMethodHandleAccessor.invoke(DirectMethodHandleAccessor.java:104)
	at java.base/java.lang.reflect.Method.invoke(Method.java:565)
	at org.springframework.orm.jpa.SharedEntityManagerCreator$SharedEntityManagerInvocationHandler.invoke(SharedEntityManagerCreator.java:320)
	at jdk.proxy4/jdk.proxy4.$Proxy179.merge(Unknown Source)
	at org.springframework.data.jpa.repository.support.SimpleJpaRepository.save(SimpleJpaRepository.java:654)
	at java.base/jdk.internal.reflect.DirectMethodHandleAccessor.invoke(DirectMethodHandleAccessor.java:104)
	at java.base/java.lang.reflect.Method.invoke(Method.java:565)
	at org.springframework.aop.support.AopUtils.invokeJoinpointUsingReflection(AopUtils.java:359)
	at org.springframework.data.repository.core.support.RepositoryMethodInvoker$RepositoryFragmentMethodInvoker.lambda$new$0(RepositoryMethodInvoker.java:277)
	at org.springframework.data.repository.core.support.RepositoryMethodInvoker.doInvoke(RepositoryMethodInvoker.java:170)
	at org.springframework.data.repository.core.support.RepositoryMethodInvoker.invoke(RepositoryMethodInvoker.java:158)
	at org.springframework.data.repository.core.support.RepositoryComposition$RepositoryFragments.invoke(RepositoryComposition.java:515)
	at org.springframework.data.repository.core.support.RepositoryComposition.invoke(RepositoryComposition.java:284)
	at org.springframework.data.repository.core.support.RepositoryFactorySupport$ImplementationMethodExecutionInterceptor.invoke(RepositoryFactorySupport.java:734)
	at org.springframework.aop.framework.ReflectiveMethodInvocation.proceed(ReflectiveMethodInvocation.java:184)
	at org.springframework.data.repository.core.support.QueryExecutorMethodInterceptor.doInvoke(QueryExecutorMethodInterceptor.java:174)
	at org.springframework.data.repository.core.support.QueryExecutorMethodInterceptor.invoke(QueryExecutorMethodInterceptor.java:149)
	at org.springframework.aop.framework.ReflectiveMethodInvocation.proceed(ReflectiveMethodInvocation.java:184)
	at org.springframework.data.projection.DefaultMethodInvokingMethodInterceptor.invoke(DefaultMethodInvokingMethodInterceptor.java:69)
	at org.springframework.aop.framework.ReflectiveMethodInvocation.proceed(ReflectiveMethodInvocation.java:184)
	at org.springframework.transaction.interceptor.TransactionAspectSupport.invokeWithinTransaction(TransactionAspectSupport.java:380)
	at org.springframework.transaction.interceptor.TransactionInterceptor.invoke(TransactionInterceptor.java:119)
	at org.springframework.aop.framework.ReflectiveMethodInvocation.proceed(ReflectiveMethodInvocation.java:184)
	at org.springframework.dao.support.PersistenceExceptionTranslationInterceptor.invoke(PersistenceExceptionTranslationInterceptor.java:138)
	... 20 common frames omitted
2026-07-11 16:54:01.151 [http-nio-8080-exec-2] ERROR c.e.s.config.ChatWebSocketHandler [traceId=] - Failed to broadcast status change for gopi@gmail.com
org.hibernate.LazyInitializationException: Could not initialize proxy [com.enterprise.scheduler.user.User#3] - no session
	at org.hibernate.proxy.AbstractLazyInitializer.initialize(AbstractLazyInitializer.java:174)
	at org.hibernate.proxy.AbstractLazyInitializer.getImplementation(AbstractLazyInitializer.java:328)
	at org.hibernate.proxy.pojo.bytebuddy.ByteBuddyInterceptor.intercept(ByteBuddyInterceptor.java:44)
	at org.hibernate.proxy.ProxyConfiguration$InterceptorDispatcher.intercept(ProxyConfiguration.java:102)
	at com.enterprise.scheduler.user.User$HibernateProxy.getEmail(Unknown Source)
	at com.enterprise.scheduler.config.ChatWebSocketHandler.broadcastStatusChange(ChatWebSocketHandler.java:143)
	at com.enterprise.scheduler.config.ChatWebSocketHandler.afterConnectionEstablished(ChatWebSocketHandler.java:57)
	at org.springframework.web.socket.handler.WebSocketHandlerDecorator.afterConnectionEstablished(WebSocketHandlerDecorator.java:70)
	at org.springframework.web.socket.handler.LoggingWebSocketHandlerDecorator.afterConnectionEstablished(LoggingWebSocketHandlerDecorator.java:48)
	at org.springframework.web.socket.handler.ExceptionWebSocketHandlerDecorator.afterConnectionEstablished(ExceptionWebSocketHandlerDecorator.java:48)
	at org.springframework.web.socket.adapter.standard.StandardWebSocketHandlerAdapter.onOpen(StandardWebSocketHandlerAdapter.java:103)
	at org.apache.tomcat.websocket.server.WsHttpUpgradeHandler.init(WsHttpUpgradeHandler.java:131)
	at org.apache.coyote.AbstractProtocol$ConnectionHandler.process(AbstractProtocol.java:945)
	at org.apache.tomcat.util.net.NioEndpoint$SocketProcessor.doRun(NioEndpoint.java:1740)
	at org.apache.tomcat.util.net.SocketProcessorBase.run(SocketProcessorBase.java:52)
	at org.apache.tomcat.util.threads.ThreadPoolExecutor.runWorker(ThreadPoolExecutor.java:1189)
	at org.apache.tomcat.util.threads.ThreadPoolExecutor$Worker.run(ThreadPoolExecutor.java:658)
	at org.apache.tomcat.util.threads.TaskThread$WrappingRunnable.run(TaskThread.java:63)
	at java.base/java.lang.Thread.run(Thread.java:1516)
2026-07-11 16:54:01.155 [http-nio-8080-exec-2] INFO  c.e.s.config.ChatWebSocketHandler [traceId=] - WebSocket connection closed for user: gopi@gmail.com with status: CloseStatus[code=1001, reason=null]
2026-07-11 16:54:01.157 [http-nio-8080-exec-10] ERROR c.e.s.config.ChatWebSocketHandler [traceId=] - Failed to broadcast status change for gopi@gmail.com
org.hibernate.LazyInitializationException: Could not initialize proxy [com.enterprise.scheduler.user.User#3] - no session
	at org.hibernate.proxy.AbstractLazyInitializer.initialize(AbstractLazyInitializer.java:174)
	at org.hibernate.proxy.AbstractLazyInitializer.getImplementation(AbstractLazyInitializer.java:328)
	at org.hibernate.proxy.pojo.bytebuddy.ByteBuddyInterceptor.intercept(ByteBuddyInterceptor.java:44)
	at org.hibernate.proxy.ProxyConfiguration$InterceptorDispatcher.intercept(ProxyConfiguration.java:102)
	at com.enterprise.scheduler.user.User$HibernateProxy.getEmail(Unknown Source)
	at com.enterprise.scheduler.config.ChatWebSocketHandler.broadcastStatusChange(ChatWebSocketHandler.java:143)
	at com.enterprise.scheduler.config.ChatWebSocketHandler.afterConnectionEstablished(ChatWebSocketHandler.java:57)
	at org.springframework.web.socket.handler.WebSocketHandlerDecorator.afterConnectionEstablished(WebSocketHandlerDecorator.java:70)
	at org.springframework.web.socket.handler.LoggingWebSocketHandlerDecorator.afterConnectionEstablished(LoggingWebSocketHandlerDecorator.java:48)
	at org.springframework.web.socket.handler.ExceptionWebSocketHandlerDecorator.afterConnectionEstablished(ExceptionWebSocketHandlerDecorator.java:48)
	at org.springframework.web.socket.adapter.standard.StandardWebSocketHandlerAdapter.onOpen(StandardWebSocketHandlerAdapter.java:103)
	at org.apache.tomcat.websocket.server.WsHttpUpgradeHandler.init(WsHttpUpgradeHandler.java:131)
	at org.apache.coyote.AbstractProtocol$ConnectionHandler.process(AbstractProtocol.java:945)
	at org.apache.tomcat.util.net.NioEndpoint$SocketProcessor.doRun(NioEndpoint.java:1740)
	at org.apache.tomcat.util.net.SocketProcessorBase.run(SocketProcessorBase.java:52)
	at org.apache.tomcat.util.threads.ThreadPoolExecutor.runWorker(ThreadPoolExecutor.java:1189)
	at org.apache.tomcat.util.threads.ThreadPoolExecutor$Worker.run(ThreadPoolExecutor.java:658)
	at org.apache.tomcat.util.threads.TaskThread$WrappingRunnable.run(TaskThread.java:63)
	at java.base/java.lang.Thread.run(Thread.java:1516)
2026-07-11 16:54:01.179 [http-nio-8080-exec-2] ERROR c.e.s.config.ChatWebSocketHandler [traceId=] - Failed to broadcast status change for gopi@gmail.com
org.hibernate.LazyInitializationException: Could not initialize proxy [com.enterprise.scheduler.user.User#3] - no session
	at org.hibernate.proxy.AbstractLazyInitializer.initialize(AbstractLazyInitializer.java:174)
	at org.hibernate.proxy.AbstractLazyInitializer.getImplementation(AbstractLazyInitializer.java:328)
	at org.hibernate.proxy.pojo.bytebuddy.ByteBuddyInterceptor.intercept(ByteBuddyInterceptor.java:44)
	at org.hibernate.proxy.ProxyConfiguration$InterceptorDispatcher.intercept(ProxyConfiguration.java:102)
	at com.enterprise.scheduler.user.User$HibernateProxy.getEmail(Unknown Source)
	at com.enterprise.scheduler.config.ChatWebSocketHandler.broadcastStatusChange(ChatWebSocketHandler.java:143)
	at com.enterprise.scheduler.config.ChatWebSocketHandler.afterConnectionClosed(ChatWebSocketHandler.java:78)
	at org.springframework.web.socket.handler.WebSocketHandlerDecorator.afterConnectionClosed(WebSocketHandlerDecorator.java:85)
	at org.springframework.web.socket.handler.LoggingWebSocketHandlerDecorator.afterConnectionClosed(LoggingWebSocketHandlerDecorator.java:72)
	at org.springframework.web.socket.handler.ExceptionWebSocketHandlerDecorator.afterConnectionClosed(ExceptionWebSocketHandlerDecorator.java:78)
	at org.springframework.web.socket.adapter.standard.StandardWebSocketHandlerAdapter.onClose(StandardWebSocketHandlerAdapter.java:144)
	at org.apache.tomcat.websocket.WsSession.fireEndpointOnClose(WsSession.java:719)
	at org.apache.tomcat.websocket.WsSession.onClose(WsSession.java:627)
	at org.apache.tomcat.websocket.WsFrameBase.processDataControl(WsFrameBase.java:346)
	at org.apache.tomcat.websocket.WsFrameBase.processData(WsFrameBase.java:278)
	at org.apache.tomcat.websocket.WsFrameBase.processInputBuffer(WsFrameBase.java:129)
	at org.apache.tomcat.websocket.server.WsFrameServer.onDataAvailable(WsFrameServer.java:85)
	at org.apache.tomcat.websocket.server.WsFrameServer.doOnDataAvailable(WsFrameServer.java:184)
	at org.apache.tomcat.websocket.server.WsFrameServer.notifyDataAvailable(WsFrameServer.java:164)
	at org.apache.tomcat.websocket.server.WsHttpUpgradeHandler.upgradeDispatch(WsHttpUpgradeHandler.java:152)
	at org.apache.coyote.http11.upgrade.UpgradeProcessorInternal.dispatch(UpgradeProcessorInternal.java:60)
	at org.apache.coyote.AbstractProcessorLight.process(AbstractProcessorLight.java:57)
	at org.apache.coyote.AbstractProtocol$ConnectionHandler.process(AbstractProtocol.java:903)
	at org.apache.tomcat.util.net.NioEndpoint$SocketProcessor.doRun(NioEndpoint.java:1740)
	at org.apache.tomcat.util.net.SocketProcessorBase.run(SocketProcessorBase.java:52)
	at org.apache.tomcat.util.threads.ThreadPoolExecutor.runWorker(ThreadPoolExecutor.java:1189)
	at org.apache.tomcat.util.threads.ThreadPoolExecutor$Worker.run(ThreadPoolExecutor.java:658)
	at org.apache.tomcat.util.threads.TaskThread$WrappingRunnable.run(TaskThread.java:63)
	at java.base/java.lang.Thread.run(Thread.java:1516)
2026-07-11 16:54:02.400 [http-nio-8080-exec-7] INFO  c.e.s.config.ChatWebSocketHandler [traceId=] - WebSocket connection closed for user: gopi@gmail.com with status: CloseStatus[code=1000, reason=null]
2026-07-11 16:54:02.417 [http-nio-8080-exec-7] ERROR c.e.s.config.ChatWebSocketHandler [traceId=] - Failed to broadcast status change for gopi@gmail.com
org.hibernate.LazyInitializationException: Could not initialize proxy [com.enterprise.scheduler.user.User#3] - no session
	at org.hibernate.proxy.AbstractLazyInitializer.initialize(AbstractLazyInitializer.java:174)
	at org.hibernate.proxy.AbstractLazyInitializer.getImplementation(AbstractLazyInitializer.java:328)
	at org.hibernate.proxy.pojo.bytebuddy.ByteBuddyInterceptor.intercept(ByteBuddyInterceptor.java:44)
	at org.hibernate.proxy.ProxyConfiguration$InterceptorDispatcher.intercept(ProxyConfiguration.java:102)
	at com.enterprise.scheduler.user.User$HibernateProxy.getEmail(Unknown Source)
	at com.enterprise.scheduler.config.ChatWebSocketHandler.broadcastStatusChange(ChatWebSocketHandler.java:143)
	at com.enterprise.scheduler.config.ChatWebSocketHandler.afterConnectionClosed(ChatWebSocketHandler.java:78)
	at org.springframework.web.socket.handler.WebSocketHandlerDecorator.afterConnectionClosed(WebSocketHandlerDecorator.java:85)
	at org.springframework.web.socket.handler.LoggingWebSocketHandlerDecorator.afterConnectionClosed(LoggingWebSocketHandlerDecorator.java:72)
	at org.springframework.web.socket.handler.ExceptionWebSocketHandlerDecorator.afterConnectionClosed(ExceptionWebSocketHandlerDecorator.java:78)
	at org.springframework.web.socket.adapter.standard.StandardWebSocketHandlerAdapter.onClose(StandardWebSocketHandlerAdapter.java:144)
	at org.apache.tomcat.websocket.WsSession.fireEndpointOnClose(WsSession.java:719)
	at org.apache.tomcat.websocket.WsSession.onClose(WsSession.java:627)
	at org.apache.tomcat.websocket.WsFrameBase.processDataControl(WsFrameBase.java:346)
	at org.apache.tomcat.websocket.WsFrameBase.processData(WsFrameBase.java:278)
	at org.apache.tomcat.websocket.WsFrameBase.processInputBuffer(WsFrameBase.java:129)
	at org.apache.tomcat.websocket.server.WsFrameServer.onDataAvailable(WsFrameServer.java:85)
	at org.apache.tomcat.websocket.server.WsFrameServer.doOnDataAvailable(WsFrameServer.java:184)
	at org.apache.tomcat.websocket.server.WsFrameServer.notifyDataAvailable(WsFrameServer.java:164)
	at org.apache.tomcat.websocket.server.WsHttpUpgradeHandler.upgradeDispatch(WsHttpUpgradeHandler.java:152)
	at org.apache.coyote.http11.upgrade.UpgradeProcessorInternal.dispatch(UpgradeProcessorInternal.java:60)
	at org.apache.coyote.AbstractProcessorLight.process(AbstractProcessorLight.java:57)
	at org.apache.coyote.AbstractProtocol$ConnectionHandler.process(AbstractProtocol.java:903)
	at org.apache.tomcat.util.net.NioEndpoint$SocketProcessor.doRun(NioEndpoint.java:1740)
	at org.apache.tomcat.util.net.SocketProcessorBase.run(SocketProcessorBase.java:52)
	at org.apache.tomcat.util.threads.ThreadPoolExecutor.runWorker(ThreadPoolExecutor.java:1189)
	at org.apache.tomcat.util.threads.ThreadPoolExecutor$Worker.run(ThreadPoolExecutor.java:658)
	at org.apache.tomcat.util.threads.TaskThread$WrappingRunnable.run(TaskThread.java:63)
	at java.base/java.lang.Thread.run(Thread.java:1516)
2026-07-11 16:54:03.221 [http-nio-8080-exec-3] INFO  c.e.s.c.WebSocketHandshakeInterceptor [traceId=7d5cb113-b60f-4de8-a8c6-56414bf2abe9] - WebSocket handshake successful for user: gopi@gmail.com
2026-07-11 16:54:03.223 [http-nio-8080-exec-3] INFO  c.e.s.config.ChatWebSocketHandler [traceId=] - WebSocket connection established for user: gopi@gmail.com
2026-07-11 16:54:03.248 [http-nio-8080-exec-9] INFO  c.e.s.c.WebSocketHandshakeInterceptor [traceId=eae0e1c3-5a09-41e5-bef1-943537271fcf] - WebSocket handshake successful for user: gopi@gmail.com
2026-07-11 16:54:03.252 [http-nio-8080-exec-9] INFO  c.e.s.config.ChatWebSocketHandler [traceId=] - WebSocket connection established for user: gopi@gmail.com
2026-07-11 16:54:03.258 [http-nio-8080-exec-9] ERROR c.e.s.config.ChatWebSocketHandler [traceId=] - Failed to update last seen on connect
org.springframework.orm.ObjectOptimisticLockingFailureException: Row was updated or deleted by another transaction (or unsaved-value mapping was incorrect): [com.enterprise.scheduler.user.User#4]
	at org.springframework.orm.jpa.vendor.HibernateJpaDialect.convertHibernateAccessException(HibernateJpaDialect.java:329)
	at org.springframework.orm.jpa.vendor.HibernateJpaDialect.convertHibernateAccessException(HibernateJpaDialect.java:256)
	at org.springframework.orm.jpa.vendor.HibernateJpaDialect.translateExceptionIfPossible(HibernateJpaDialect.java:244)
	at org.springframework.orm.jpa.AbstractEntityManagerFactoryBean.translateExceptionIfPossible(AbstractEntityManagerFactoryBean.java:560)
	at org.springframework.dao.support.ChainedPersistenceExceptionTranslator.translateExceptionIfPossible(ChainedPersistenceExceptionTranslator.java:61)
	at org.springframework.dao.support.DataAccessUtils.translateIfNecessary(DataAccessUtils.java:343)
	at org.springframework.dao.support.PersistenceExceptionTranslationInterceptor.invoke(PersistenceExceptionTranslationInterceptor.java:160)
	at org.springframework.aop.framework.ReflectiveMethodInvocation.proceed(ReflectiveMethodInvocation.java:184)
	at org.springframework.data.jpa.repository.support.CrudMethodMetadataPostProcessor$CrudMethodMetadataPopulatingMethodInterceptor.invoke(CrudMethodMetadataPostProcessor.java:165)
	at org.springframework.aop.framework.ReflectiveMethodInvocation.proceed(ReflectiveMethodInvocation.java:184)
	at org.springframework.aop.framework.JdkDynamicAopProxy.invoke(JdkDynamicAopProxy.java:223)
	at jdk.proxy4/jdk.proxy4.$Proxy182.save(Unknown Source)
	at com.enterprise.scheduler.config.ChatWebSocketHandler.lambda$afterConnectionEstablished$0(ChatWebSocketHandler.java:51)
	at java.base/java.util.Optional.ifPresent(Optional.java:182)
	at com.enterprise.scheduler.config.ChatWebSocketHandler.afterConnectionEstablished(ChatWebSocketHandler.java:49)
	at org.springframework.web.socket.handler.WebSocketHandlerDecorator.afterConnectionEstablished(WebSocketHandlerDecorator.java:70)
	at org.springframework.web.socket.handler.LoggingWebSocketHandlerDecorator.afterConnectionEstablished(LoggingWebSocketHandlerDecorator.java:48)
	at org.springframework.web.socket.handler.ExceptionWebSocketHandlerDecorator.afterConnectionEstablished(ExceptionWebSocketHandlerDecorator.java:48)
	at org.springframework.web.socket.adapter.standard.StandardWebSocketHandlerAdapter.onOpen(StandardWebSocketHandlerAdapter.java:103)
	at org.apache.tomcat.websocket.server.WsHttpUpgradeHandler.init(WsHttpUpgradeHandler.java:131)
	at org.apache.coyote.AbstractProtocol$ConnectionHandler.process(AbstractProtocol.java:945)
	at org.apache.tomcat.util.net.NioEndpoint$SocketProcessor.doRun(NioEndpoint.java:1740)
	at org.apache.tomcat.util.net.SocketProcessorBase.run(SocketProcessorBase.java:52)
	at org.apache.tomcat.util.threads.ThreadPoolExecutor.runWorker(ThreadPoolExecutor.java:1189)
	at org.apache.tomcat.util.threads.ThreadPoolExecutor$Worker.run(ThreadPoolExecutor.java:658)
	at org.apache.tomcat.util.threads.TaskThread$WrappingRunnable.run(TaskThread.java:63)
	at java.base/java.lang.Thread.run(Thread.java:1516)
Caused by: org.hibernate.StaleObjectStateException: Row was updated or deleted by another transaction (or unsaved-value mapping was incorrect): [com.enterprise.scheduler.user.User#4]
	at org.hibernate.event.internal.DefaultMergeEventListener.targetEntity(DefaultMergeEventListener.java:468)
	at org.hibernate.event.internal.DefaultMergeEventListener.entityIsDetached(DefaultMergeEventListener.java:438)
	at org.hibernate.event.internal.DefaultMergeEventListener.merge(DefaultMergeEventListener.java:214)
	at org.hibernate.event.internal.DefaultMergeEventListener.doMerge(DefaultMergeEventListener.java:152)
	at org.hibernate.event.internal.DefaultMergeEventListener.onMerge(DefaultMergeEventListener.java:136)
	at org.hibernate.event.internal.DefaultMergeEventListener.onMerge(DefaultMergeEventListener.java:89)
	at org.hibernate.event.service.internal.EventListenerGroupImpl.fireEventOnEachListener(EventListenerGroupImpl.java:127)
	at org.hibernate.internal.SessionImpl.fireMerge(SessionImpl.java:854)
	at org.hibernate.internal.SessionImpl.merge(SessionImpl.java:840)
	at java.base/jdk.internal.reflect.DirectMethodHandleAccessor.invoke(DirectMethodHandleAccessor.java:104)
	at java.base/java.lang.reflect.Method.invoke(Method.java:565)
	at org.springframework.orm.jpa.SharedEntityManagerCreator$SharedEntityManagerInvocationHandler.invoke(SharedEntityManagerCreator.java:320)
	at jdk.proxy4/jdk.proxy4.$Proxy179.merge(Unknown Source)
	at org.springframework.data.jpa.repository.support.SimpleJpaRepository.save(SimpleJpaRepository.java:654)
	at java.base/jdk.internal.reflect.DirectMethodHandleAccessor.invoke(DirectMethodHandleAccessor.java:104)
	at java.base/java.lang.reflect.Method.invoke(Method.java:565)
	at org.springframework.aop.support.AopUtils.invokeJoinpointUsingReflection(AopUtils.java:359)
	at org.springframework.data.repository.core.support.RepositoryMethodInvoker$RepositoryFragmentMethodInvoker.lambda$new$0(RepositoryMethodInvoker.java:277)
	at org.springframework.data.repository.core.support.RepositoryMethodInvoker.doInvoke(RepositoryMethodInvoker.java:170)
	at org.springframework.data.repository.core.support.RepositoryMethodInvoker.invoke(RepositoryMethodInvoker.java:158)
	at org.springframework.data.repository.core.support.RepositoryComposition$RepositoryFragments.invoke(RepositoryComposition.java:515)
	at org.springframework.data.repository.core.support.RepositoryComposition.invoke(RepositoryComposition.java:284)
	at org.springframework.data.repository.core.support.RepositoryFactorySupport$ImplementationMethodExecutionInterceptor.invoke(RepositoryFactorySupport.java:734)
	at org.springframework.aop.framework.ReflectiveMethodInvocation.proceed(ReflectiveMethodInvocation.java:184)
	at org.springframework.data.repository.core.support.QueryExecutorMethodInterceptor.doInvoke(QueryExecutorMethodInterceptor.java:174)
	at org.springframework.data.repository.core.support.QueryExecutorMethodInterceptor.invoke(QueryExecutorMethodInterceptor.java:149)
	at org.springframework.aop.framework.ReflectiveMethodInvocation.proceed(ReflectiveMethodInvocation.java:184)
	at org.springframework.data.projection.DefaultMethodInvokingMethodInterceptor.invoke(DefaultMethodInvokingMethodInterceptor.java:69)
	at org.springframework.aop.framework.ReflectiveMethodInvocation.proceed(ReflectiveMethodInvocation.java:184)
	at org.springframework.transaction.interceptor.TransactionAspectSupport.invokeWithinTransaction(TransactionAspectSupport.java:380)
	at org.springframework.transaction.interceptor.TransactionInterceptor.invoke(TransactionInterceptor.java:119)
	at org.springframework.aop.framework.ReflectiveMethodInvocation.proceed(ReflectiveMethodInvocation.java:184)
	at org.springframework.dao.support.PersistenceExceptionTranslationInterceptor.invoke(PersistenceExceptionTranslationInterceptor.java:138)
	... 20 common frames omitted
2026-07-11 16:54:03.261 [http-nio-8080-exec-3] ERROR c.e.s.config.ChatWebSocketHandler [traceId=] - Failed to broadcast status change for gopi@gmail.com
org.hibernate.LazyInitializationException: Could not initialize proxy [com.enterprise.scheduler.user.User#3] - no session
	at org.hibernate.proxy.AbstractLazyInitializer.initialize(AbstractLazyInitializer.java:174)
	at org.hibernate.proxy.AbstractLazyInitializer.getImplementation(AbstractLazyInitializer.java:328)
	at org.hibernate.proxy.pojo.bytebuddy.ByteBuddyInterceptor.intercept(ByteBuddyInterceptor.java:44)
	at org.hibernate.proxy.ProxyConfiguration$InterceptorDispatcher.intercept(ProxyConfiguration.java:102)
	at com.enterprise.scheduler.user.User$HibernateProxy.getEmail(Unknown Source)
	at com.enterprise.scheduler.config.ChatWebSocketHandler.broadcastStatusChange(ChatWebSocketHandler.java:143)
	at com.enterprise.scheduler.config.ChatWebSocketHandler.afterConnectionEstablished(ChatWebSocketHandler.java:57)
	at org.springframework.web.socket.handler.WebSocketHandlerDecorator.afterConnectionEstablished(WebSocketHandlerDecorator.java:70)
	at org.springframework.web.socket.handler.LoggingWebSocketHandlerDecorator.afterConnectionEstablished(LoggingWebSocketHandlerDecorator.java:48)
	at org.springframework.web.socket.handler.ExceptionWebSocketHandlerDecorator.afterConnectionEstablished(ExceptionWebSocketHandlerDecorator.java:48)
	at org.springframework.web.socket.adapter.standard.StandardWebSocketHandlerAdapter.onOpen(StandardWebSocketHandlerAdapter.java:103)
	at org.apache.tomcat.websocket.server.WsHttpUpgradeHandler.init(WsHttpUpgradeHandler.java:131)
	at org.apache.coyote.AbstractProtocol$ConnectionHandler.process(AbstractProtocol.java:945)
	at org.apache.tomcat.util.net.NioEndpoint$SocketProcessor.doRun(NioEndpoint.java:1740)
	at org.apache.tomcat.util.net.SocketProcessorBase.run(SocketProcessorBase.java:52)
	at org.apache.tomcat.util.threads.ThreadPoolExecutor.runWorker(ThreadPoolExecutor.java:1189)
	at org.apache.tomcat.util.threads.ThreadPoolExecutor$Worker.run(ThreadPoolExecutor.java:658)
	at org.apache.tomcat.util.threads.TaskThread$WrappingRunnable.run(TaskThread.java:63)
	at java.base/java.lang.Thread.run(Thread.java:1516)
2026-07-11 16:54:03.262 [http-nio-8080-exec-3] INFO  c.e.s.config.ChatWebSocketHandler [traceId=] - WebSocket connection closed for user: gopi@gmail.com with status: CloseStatus[code=1001, reason=null]
2026-07-11 16:54:03.263 [http-nio-8080-exec-9] ERROR c.e.s.config.ChatWebSocketHandler [traceId=] - Failed to broadcast status change for gopi@gmail.com
org.hibernate.LazyInitializationException: Could not initialize proxy [com.enterprise.scheduler.user.User#3] - no session
	at org.hibernate.proxy.AbstractLazyInitializer.initialize(AbstractLazyInitializer.java:174)
	at org.hibernate.proxy.AbstractLazyInitializer.getImplementation(AbstractLazyInitializer.java:328)
	at org.hibernate.proxy.pojo.bytebuddy.ByteBuddyInterceptor.intercept(ByteBuddyInterceptor.java:44)
	at org.hibernate.proxy.ProxyConfiguration$InterceptorDispatcher.intercept(ProxyConfiguration.java:102)
	at com.enterprise.scheduler.user.User$HibernateProxy.getEmail(Unknown Source)
	at com.enterprise.scheduler.config.ChatWebSocketHandler.broadcastStatusChange(ChatWebSocketHandler.java:143)
	at com.enterprise.scheduler.config.ChatWebSocketHandler.afterConnectionEstablished(ChatWebSocketHandler.java:57)
	at org.springframework.web.socket.handler.WebSocketHandlerDecorator.afterConnectionEstablished(WebSocketHandlerDecorator.java:70)
	at org.springframework.web.socket.handler.LoggingWebSocketHandlerDecorator.afterConnectionEstablished(LoggingWebSocketHandlerDecorator.java:48)
	at org.springframework.web.socket.handler.ExceptionWebSocketHandlerDecorator.afterConnectionEstablished(ExceptionWebSocketHandlerDecorator.java:48)
	at org.springframework.web.socket.adapter.standard.StandardWebSocketHandlerAdapter.onOpen(StandardWebSocketHandlerAdapter.java:103)
	at org.apache.tomcat.websocket.server.WsHttpUpgradeHandler.init(WsHttpUpgradeHandler.java:131)
	at org.apache.coyote.AbstractProtocol$ConnectionHandler.process(AbstractProtocol.java:945)
	at org.apache.tomcat.util.net.NioEndpoint$SocketProcessor.doRun(NioEndpoint.java:1740)
	at org.apache.tomcat.util.net.SocketProcessorBase.run(SocketProcessorBase.java:52)
	at org.apache.tomcat.util.threads.ThreadPoolExecutor.runWorker(ThreadPoolExecutor.java:1189)
	at org.apache.tomcat.util.threads.ThreadPoolExecutor$Worker.run(ThreadPoolExecutor.java:658)
	at org.apache.tomcat.util.threads.TaskThread$WrappingRunnable.run(TaskThread.java:63)
	at java.base/java.lang.Thread.run(Thread.java:1516)
2026-07-11 16:54:03.282 [http-nio-8080-exec-3] ERROR c.e.s.config.ChatWebSocketHandler [traceId=] - Failed to broadcast status change for gopi@gmail.com
org.hibernate.LazyInitializationException: Could not initialize proxy [com.enterprise.scheduler.user.User#3] - no session
	at org.hibernate.proxy.AbstractLazyInitializer.initialize(AbstractLazyInitializer.java:174)
	at org.hibernate.proxy.AbstractLazyInitializer.getImplementation(AbstractLazyInitializer.java:328)
	at org.hibernate.proxy.pojo.bytebuddy.ByteBuddyInterceptor.intercept(ByteBuddyInterceptor.java:44)
	at org.hibernate.proxy.ProxyConfiguration$InterceptorDispatcher.intercept(ProxyConfiguration.java:102)
	at com.enterprise.scheduler.user.User$HibernateProxy.getEmail(Unknown Source)
	at com.enterprise.scheduler.config.ChatWebSocketHandler.broadcastStatusChange(ChatWebSocketHandler.java:143)
	at com.enterprise.scheduler.config.ChatWebSocketHandler.afterConnectionClosed(ChatWebSocketHandler.java:78)
	at org.springframework.web.socket.handler.WebSocketHandlerDecorator.afterConnectionClosed(WebSocketHandlerDecorator.java:85)
	at org.springframework.web.socket.handler.LoggingWebSocketHandlerDecorator.afterConnectionClosed(LoggingWebSocketHandlerDecorator.java:72)
	at org.springframework.web.socket.handler.ExceptionWebSocketHandlerDecorator.afterConnectionClosed(ExceptionWebSocketHandlerDecorator.java:78)
	at org.springframework.web.socket.adapter.standard.StandardWebSocketHandlerAdapter.onClose(StandardWebSocketHandlerAdapter.java:144)
	at org.apache.tomcat.websocket.WsSession.fireEndpointOnClose(WsSession.java:719)
	at org.apache.tomcat.websocket.WsSession.onClose(WsSession.java:627)
	at org.apache.tomcat.websocket.WsFrameBase.processDataControl(WsFrameBase.java:346)
	at org.apache.tomcat.websocket.WsFrameBase.processData(WsFrameBase.java:278)
	at org.apache.tomcat.websocket.WsFrameBase.processInputBuffer(WsFrameBase.java:129)
	at org.apache.tomcat.websocket.server.WsFrameServer.onDataAvailable(WsFrameServer.java:85)
	at org.apache.tomcat.websocket.server.WsFrameServer.doOnDataAvailable(WsFrameServer.java:184)
	at org.apache.tomcat.websocket.server.WsFrameServer.notifyDataAvailable(WsFrameServer.java:164)
	at org.apache.tomcat.websocket.server.WsHttpUpgradeHandler.upgradeDispatch(WsHttpUpgradeHandler.java:152)
	at org.apache.coyote.http11.upgrade.UpgradeProcessorInternal.dispatch(UpgradeProcessorInternal.java:60)
	at org.apache.coyote.AbstractProcessorLight.process(AbstractProcessorLight.java:57)
	at org.apache.coyote.AbstractProtocol$ConnectionHandler.process(AbstractProtocol.java:903)
	at org.apache.tomcat.util.net.NioEndpoint$SocketProcessor.doRun(NioEndpoint.java:1740)
	at org.apache.tomcat.util.net.SocketProcessorBase.run(SocketProcessorBase.java:52)
	at org.apache.tomcat.util.threads.ThreadPoolExecutor.runWorker(ThreadPoolExecutor.java:1189)
	at org.apache.tomcat.util.threads.ThreadPoolExecutor$Worker.run(ThreadPoolExecutor.java:658)
	at org.apache.tomcat.util.threads.TaskThread$WrappingRunnable.run(TaskThread.java:63)
	at java.base/java.lang.Thread.run(Thread.java:1516)
2026-07-11 16:54:18.304 [http-nio-8080-exec-6] INFO  c.e.s.n.NotificationServiceImpl [traceId=10036b31-5e23-4edd-a6ab-6acd87c14c13] - Created alert for user: gnanitha@gmail.com
2026-07-11 16:56:25.983 [http-nio-8080-exec-3] INFO  c.e.s.config.ChatWebSocketHandler [traceId=] - WebSocket connection closed for user: gopi@gmail.com with status: CloseStatus[code=1000, reason=null]
2026-07-11 16:56:26.005 [http-nio-8080-exec-3] ERROR c.e.s.config.ChatWebSocketHandler [traceId=] - Failed to broadcast status change for gopi@gmail.com
org.hibernate.LazyInitializationException: Could not initialize proxy [com.enterprise.scheduler.user.User#3] - no session
	at org.hibernate.proxy.AbstractLazyInitializer.initialize(AbstractLazyInitializer.java:174)
	at org.hibernate.proxy.AbstractLazyInitializer.getImplementation(AbstractLazyInitializer.java:328)
	at org.hibernate.proxy.pojo.bytebuddy.ByteBuddyInterceptor.intercept(ByteBuddyInterceptor.java:44)
	at org.hibernate.proxy.ProxyConfiguration$InterceptorDispatcher.intercept(ProxyConfiguration.java:102)
	at com.enterprise.scheduler.user.User$HibernateProxy.getEmail(Unknown Source)
	at com.enterprise.scheduler.config.ChatWebSocketHandler.broadcastStatusChange(ChatWebSocketHandler.java:143)
	at com.enterprise.scheduler.config.ChatWebSocketHandler.afterConnectionClosed(ChatWebSocketHandler.java:78)
	at org.springframework.web.socket.handler.WebSocketHandlerDecorator.afterConnectionClosed(WebSocketHandlerDecorator.java:85)
	at org.springframework.web.socket.handler.LoggingWebSocketHandlerDecorator.afterConnectionClosed(LoggingWebSocketHandlerDecorator.java:72)
	at org.springframework.web.socket.handler.ExceptionWebSocketHandlerDecorator.afterConnectionClosed(ExceptionWebSocketHandlerDecorator.java:78)
	at org.springframework.web.socket.adapter.standard.StandardWebSocketHandlerAdapter.onClose(StandardWebSocketHandlerAdapter.java:144)
	at org.apache.tomcat.websocket.WsSession.fireEndpointOnClose(WsSession.java:719)
	at org.apache.tomcat.websocket.WsSession.onClose(WsSession.java:627)
	at org.apache.tomcat.websocket.WsFrameBase.processDataControl(WsFrameBase.java:346)
	at org.apache.tomcat.websocket.WsFrameBase.processData(WsFrameBase.java:278)
	at org.apache.tomcat.websocket.WsFrameBase.processInputBuffer(WsFrameBase.java:129)
	at org.apache.tomcat.websocket.server.WsFrameServer.onDataAvailable(WsFrameServer.java:85)
	at org.apache.tomcat.websocket.server.WsFrameServer.doOnDataAvailable(WsFrameServer.java:184)
	at org.apache.tomcat.websocket.server.WsFrameServer.notifyDataAvailable(WsFrameServer.java:164)
	at org.apache.tomcat.websocket.server.WsHttpUpgradeHandler.upgradeDispatch(WsHttpUpgradeHandler.java:152)
	at org.apache.coyote.http11.upgrade.UpgradeProcessorInternal.dispatch(UpgradeProcessorInternal.java:60)
	at org.apache.coyote.AbstractProcessorLight.process(AbstractProcessorLight.java:57)
	at org.apache.coyote.AbstractProtocol$ConnectionHandler.process(AbstractProtocol.java:903)
	at org.apache.tomcat.util.net.NioEndpoint$SocketProcessor.doRun(NioEndpoint.java:1740)
	at org.apache.tomcat.util.net.SocketProcessorBase.run(SocketProcessorBase.java:52)
	at org.apache.tomcat.util.threads.ThreadPoolExecutor.runWorker(ThreadPoolExecutor.java:1189)
	at org.apache.tomcat.util.threads.ThreadPoolExecutor$Worker.run(ThreadPoolExecutor.java:658)
	at org.apache.tomcat.util.threads.TaskThread$WrappingRunnable.run(TaskThread.java:63)
	at java.base/java.lang.Thread.run(Thread.java:1516)
2026-07-11 16:57:30.291 [File Watcher] INFO  o.s.b.d.a.LocalDevToolsAutoConfiguration$RestartingClassPathChangeChangedEventListener [traceId=] - Restarting due to 98 class path changes (0 additions, 96 deletions, 2 modifications)
2026-07-11 16:57:30.296 [Thread-5] INFO  org.quartz.core.QuartzScheduler [traceId=] - Scheduler ScheduledMessagingScheduler_$_GeethikaChowdary1783768729471 paused.
2026-07-11 16:57:30.300 [Thread-5] INFO  o.s.b.w.e.tomcat.GracefulShutdown [traceId=] - Commencing graceful shutdown. Waiting for active requests to complete
2026-07-11 16:57:30.326 [tomcat-shutdown] INFO  o.s.b.w.e.tomcat.GracefulShutdown [traceId=] - Graceful shutdown complete
2026-07-11 16:57:30.334 [Thread-5] INFO  o.s.s.quartz.SchedulerFactoryBean [traceId=] - Shutting down Quartz Scheduler
2026-07-11 16:57:30.335 [Thread-5] INFO  org.quartz.core.QuartzScheduler [traceId=] - Scheduler ScheduledMessagingScheduler_$_GeethikaChowdary1783768729471 shutting down.
2026-07-11 16:57:30.335 [Thread-5] INFO  org.quartz.core.QuartzScheduler [traceId=] - Scheduler ScheduledMessagingScheduler_$_GeethikaChowdary1783768729471 paused.
2026-07-11 16:57:30.336 [Thread-5] INFO  org.quartz.core.QuartzScheduler [traceId=] - Scheduler ScheduledMessagingScheduler_$_GeethikaChowdary1783768729471 shutdown complete.
2026-07-11 16:57:30.341 [Thread-5] INFO  o.s.o.j.LocalContainerEntityManagerFactoryBean [traceId=] - Closing JPA EntityManagerFactory for persistence unit 'default'
2026-07-11 16:57:30.344 [Thread-5] INFO  com.zaxxer.hikari.HikariDataSource [traceId=] - HikariPool-1 - Shutdown initiated...
2026-07-11 16:57:30.361 [Thread-5] INFO  com.zaxxer.hikari.HikariDataSource [traceId=] - HikariPool-1 - Shutdown completed.
2026-07-11 16:57:30.915 [restartedMain] INFO  c.e.s.ScheduledMessagingApplication [traceId=] - Starting ScheduledMessagingApplication using Java 26 with PID 12700 (C:\Users\geeth\522\ReactCourse\scheduled-messaging-platform\backend\target\classes started by geeth in C:\Users\geeth\522\ReactCourse\scheduled-messaging-platform\backend)
2026-07-11 16:57:30.916 [restartedMain] DEBUG c.e.s.ScheduledMessagingApplication [traceId=] - Running with Spring Boot v3.5.0, Spring v6.2.7
2026-07-11 16:57:30.916 [restartedMain] INFO  c.e.s.ScheduledMessagingApplication [traceId=] - The following 1 profile is active: "dev"
2026-07-11 16:57:32.600 [restartedMain] INFO  o.s.d.r.c.RepositoryConfigurationDelegate [traceId=] - Bootstrapping Spring Data JPA repositories in DEFAULT mode.
2026-07-11 16:57:32.616 [restartedMain] INFO  o.s.d.r.c.RepositoryConfigurationDelegate [traceId=] - Finished Spring Data repository scanning in 10 ms. Found 0 JPA repository interfaces.
2026-07-11 16:57:33.023 [restartedMain] INFO  o.s.b.w.e.tomcat.TomcatWebServer [traceId=] - Tomcat initialized with port 8080 (http)
2026-07-11 16:57:33.024 [restartedMain] INFO  o.a.catalina.core.StandardService [traceId=] - Starting service [Tomcat]
2026-07-11 16:57:33.024 [restartedMain] INFO  o.a.catalina.core.StandardEngine [traceId=] - Starting Servlet engine: [Apache Tomcat/10.1.41]
2026-07-11 16:57:33.118 [restartedMain] INFO  o.a.c.c.C.[Tomcat].[localhost].[/] [traceId=] - Initializing Spring embedded WebApplicationContext
2026-07-11 16:57:33.118 [restartedMain] INFO  o.s.b.w.s.c.ServletWebServerApplicationContext [traceId=] - Root WebApplicationContext: initialization completed in 2174 ms
2026-07-11 16:57:33.291 [restartedMain] INFO  com.zaxxer.hikari.HikariDataSource [traceId=] - HikariPool-2 - Starting...
2026-07-11 16:57:33.329 [restartedMain] INFO  com.zaxxer.hikari.pool.HikariPool [traceId=] - HikariPool-2 - Added connection com.mysql.cj.jdbc.ConnectionImpl@7cbb8e83
2026-07-11 16:57:33.329 [restartedMain] INFO  com.zaxxer.hikari.HikariDataSource [traceId=] - HikariPool-2 - Start completed.
2026-07-11 16:57:33.368 [restartedMain] INFO  org.flywaydb.core.FlywayExecutor [traceId=] - Database: jdbc:mysql://localhost:3306/scheduled_messaging?createDatabaseIfNotExist=true&useSSL=false&allowPublicKeyRetrieval=true&serverTimezone=UTC (MySQL 8.0)
2026-07-11 16:57:33.417 [restartedMain] WARN  o.s.b.w.s.c.AnnotationConfigServletWebServerApplicationContext [traceId=] - Exception encountered during context initialization - cancelling refresh attempt: org.springframework.beans.factory.BeanCreationException: Error creating bean with name 'entityManagerFactory' defined in class path resource [org/springframework/boot/autoconfigure/orm/jpa/HibernateJpaConfiguration.class]: Failed to initialize dependency 'flywayInitializer' of LoadTimeWeaverAware bean 'entityManagerFactory': Error creating bean with name 'flywayInitializer' defined in class path resource [org/springframework/boot/autoconfigure/flyway/FlywayAutoConfiguration$FlywayConfiguration.class]: Validate failed: Migrations have failed validation
Migration checksum mismatch for migration version 8
-> Applied to database : -442106271
-> Resolved locally    : 137166545
Either revert the changes to the migration, or run repair to update the schema history.
Need more flexibility with validation rules? Learn more: https://rd.gt/3AbJUZE
2026-07-11 16:57:33.418 [restartedMain] INFO  com.zaxxer.hikari.HikariDataSource [traceId=] - HikariPool-2 - Shutdown initiated...
2026-07-11 16:57:33.422 [restartedMain] INFO  com.zaxxer.hikari.HikariDataSource [traceId=] - HikariPool-2 - Shutdown completed.
2026-07-11 16:57:33.423 [restartedMain] INFO  o.a.catalina.core.StandardService [traceId=] - Stopping service [Tomcat]
2026-07-11 16:57:33.450 [restartedMain] INFO  o.s.b.a.l.ConditionEvaluationReportLogger [traceId=] - 

Error starting ApplicationContext. To display the condition evaluation report re-run your application with 'debug' enabled.
2026-07-11 16:57:33.529 [restartedMain] ERROR o.s.boot.SpringApplication [traceId=] - Application run failed
org.springframework.beans.factory.BeanCreationException: Error creating bean with name 'entityManagerFactory' defined in class path resource [org/springframework/boot/autoconfigure/orm/jpa/HibernateJpaConfiguration.class]: Failed to initialize dependency 'flywayInitializer' of LoadTimeWeaverAware bean 'entityManagerFactory': Error creating bean with name 'flywayInitializer' defined in class path resource [org/springframework/boot/autoconfigure/flyway/FlywayAutoConfiguration$FlywayConfiguration.class]: Validate failed: Migrations have failed validation
Migration checksum mismatch for migration version 8
-> Applied to database : -442106271
-> Resolved locally    : 137166545
Either revert the changes to the migration, or run repair to update the schema history.
Need more flexibility with validation rules? Learn more: https://rd.gt/3AbJUZE
	at org.springframework.beans.factory.support.AbstractBeanFactory.doGetBean(AbstractBeanFactory.java:328) ~[spring-beans-6.2.7.jar:6.2.7]
	at org.springframework.beans.factory.support.AbstractBeanFactory.getBean(AbstractBeanFactory.java:207) ~[spring-beans-6.2.7.jar:6.2.7]
	at org.springframework.context.support.AbstractApplicationContext.finishBeanFactoryInitialization(AbstractApplicationContext.java:970) ~[spring-context-6.2.7.jar:6.2.7]
	at org.springframework.context.support.AbstractApplicationContext.refresh(AbstractApplicationContext.java:627) ~[spring-context-6.2.7.jar:6.2.7]
	at org.springframework.boot.web.servlet.context.ServletWebServerApplicationContext.refresh(ServletWebServerApplicationContext.java:146) ~[spring-boot-3.5.0.jar:3.5.0]
	at org.springframework.boot.SpringApplication.refresh(SpringApplication.java:753) ~[spring-boot-3.5.0.jar:3.5.0]
	at org.springframework.boot.SpringApplication.refreshContext(SpringApplication.java:439) ~[spring-boot-3.5.0.jar:3.5.0]
	at org.springframework.boot.SpringApplication.run(SpringApplication.java:318) ~[spring-boot-3.5.0.jar:3.5.0]
	at org.springframework.boot.SpringApplication.run(SpringApplication.java:1362) ~[spring-boot-3.5.0.jar:3.5.0]
	at org.springframework.boot.SpringApplication.run(SpringApplication.java:1351) ~[spring-boot-3.5.0.jar:3.5.0]
	at com.enterprise.scheduler.ScheduledMessagingApplication.main(ScheduledMessagingApplication.java:11) ~[classes/:na]
	at java.base/jdk.internal.reflect.DirectMethodHandleAccessor.invoke(DirectMethodHandleAccessor.java:104) ~[na:na]
	at java.base/java.lang.reflect.Method.invoke(Method.java:565) ~[na:na]
	at org.springframework.boot.devtools.restart.RestartLauncher.run(RestartLauncher.java:50) ~[spring-boot-devtools-3.5.0.jar:3.5.0]
Caused by: org.springframework.beans.factory.BeanCreationException: Error creating bean with name 'flywayInitializer' defined in class path resource [org/springframework/boot/autoconfigure/flyway/FlywayAutoConfiguration$FlywayConfiguration.class]: Validate failed: Migrations have failed validation
Migration checksum mismatch for migration version 8
-> Applied to database : -442106271
-> Resolved locally    : 137166545
Either revert the changes to the migration, or run repair to update the schema history.
Need more flexibility with validation rules? Learn more: https://rd.gt/3AbJUZE
	at org.springframework.beans.factory.support.AbstractAutowireCapableBeanFactory.initializeBean(AbstractAutowireCapableBeanFactory.java:1826) ~[spring-beans-6.2.7.jar:6.2.7]
	at org.springframework.beans.factory.support.AbstractAutowireCapableBeanFactory.doCreateBean(AbstractAutowireCapableBeanFactory.java:607) ~[spring-beans-6.2.7.jar:6.2.7]
	at org.springframework.beans.factory.support.AbstractAutowireCapableBeanFactory.createBean(AbstractAutowireCapableBeanFactory.java:529) ~[spring-beans-6.2.7.jar:6.2.7]
	at org.springframework.beans.factory.support.AbstractBeanFactory.lambda$doGetBean$0(AbstractBeanFactory.java:339) ~[spring-beans-6.2.7.jar:6.2.7]
	at org.springframework.beans.factory.support.DefaultSingletonBeanRegistry.getSingleton(DefaultSingletonBeanRegistry.java:373) ~[spring-beans-6.2.7.jar:6.2.7]
	at org.springframework.beans.factory.support.AbstractBeanFactory.doGetBean(AbstractBeanFactory.java:337) ~[spring-beans-6.2.7.jar:6.2.7]
	at org.springframework.beans.factory.support.AbstractBeanFactory.getBean(AbstractBeanFactory.java:202) ~[spring-beans-6.2.7.jar:6.2.7]
	at org.springframework.beans.factory.support.AbstractBeanFactory.doGetBean(AbstractBeanFactory.java:315) ~[spring-beans-6.2.7.jar:6.2.7]
	... 13 common frames omitted
Caused by: org.flywaydb.core.api.exception.FlywayValidateException: Validate failed: Migrations have failed validation
Migration checksum mismatch for migration version 8
-> Applied to database : -442106271
-> Resolved locally    : 137166545
Either revert the changes to the migration, or run repair to update the schema history.
Need more flexibility with validation rules? Learn more: https://rd.gt/3AbJUZE
	at org.flywaydb.core.Flyway.lambda$migrate$1(Flyway.java:201) ~[flyway-core-11.7.2.jar:na]
	at org.flywaydb.core.FlywayExecutor.execute(FlywayExecutor.java:210) ~[flyway-core-11.7.2.jar:na]
	at org.flywaydb.core.Flyway.migrate(Flyway.java:188) ~[flyway-core-11.7.2.jar:na]
	at org.springframework.boot.autoconfigure.flyway.FlywayMigrationInitializer.afterPropertiesSet(FlywayMigrationInitializer.java:66) ~[spring-boot-autoconfigure-3.5.0.jar:3.5.0]
	at org.springframework.beans.factory.support.AbstractAutowireCapableBeanFactory.invokeInitMethods(AbstractAutowireCapableBeanFactory.java:1873) ~[spring-beans-6.2.7.jar:6.2.7]
	at org.springframework.beans.factory.support.AbstractAutowireCapableBeanFactory.initializeBean(AbstractAutowireCapableBeanFactory.java:1822) ~[spring-beans-6.2.7.jar:6.2.7]
	... 20 common frames omitted
2026-07-11 16:57:36.244 [restartedMain] INFO  c.e.s.ScheduledMessagingApplication [traceId=] - Starting ScheduledMessagingApplication using Java 26 with PID 12700 (C:\Users\geeth\522\ReactCourse\scheduled-messaging-platform\backend\target\classes started by geeth in C:\Users\geeth\522\ReactCourse\scheduled-messaging-platform\backend)
2026-07-11 16:57:36.245 [restartedMain] DEBUG c.e.s.ScheduledMessagingApplication [traceId=] - Running with Spring Boot v3.5.0, Spring v6.2.7
2026-07-11 16:57:36.245 [restartedMain] INFO  c.e.s.ScheduledMessagingApplication [traceId=] - The following 1 profile is active: "dev"
2026-07-11 16:57:38.438 [restartedMain] INFO  o.s.d.r.c.RepositoryConfigurationDelegate [traceId=] - Bootstrapping Spring Data JPA repositories in DEFAULT mode.
2026-07-11 16:57:38.525 [restartedMain] INFO  o.s.d.r.c.RepositoryConfigurationDelegate [traceId=] - Finished Spring Data repository scanning in 83 ms. Found 7 JPA repository interfaces.
2026-07-11 16:57:38.985 [restartedMain] INFO  o.s.b.w.e.tomcat.TomcatWebServer [traceId=] - Tomcat initialized with port 8080 (http)
2026-07-11 16:57:38.991 [restartedMain] INFO  o.a.catalina.core.StandardService [traceId=] - Starting service [Tomcat]
2026-07-11 16:57:38.992 [restartedMain] INFO  o.a.catalina.core.StandardEngine [traceId=] - Starting Servlet engine: [Apache Tomcat/10.1.41]
2026-07-11 16:57:39.116 [restartedMain] INFO  o.a.c.c.C.[Tomcat-1].[localhost].[/] [traceId=] - Initializing Spring embedded WebApplicationContext
2026-07-11 16:57:39.116 [restartedMain] INFO  o.s.b.w.s.c.ServletWebServerApplicationContext [traceId=] - Root WebApplicationContext: initialization completed in 2864 ms
2026-07-11 16:57:39.458 [restartedMain] INFO  c.e.scheduler.config.DatabaseConfig [traceId=] - Found database URL with embedded credentials. Parsing and converting to standard JDBC format...
2026-07-11 16:57:39.461 [restartedMain] INFO  c.e.scheduler.config.DatabaseConfig [traceId=] - Configuring HikariDataSource with auto-converted JDBC URL: jdbc:mysql://localhost:3306/scheduled_messaging
2026-07-11 16:57:39.463 [restartedMain] INFO  com.zaxxer.hikari.HikariDataSource [traceId=] - HikariPool-3 - Starting...
2026-07-11 16:57:39.519 [restartedMain] INFO  com.zaxxer.hikari.pool.HikariPool [traceId=] - HikariPool-3 - Added connection com.mysql.cj.jdbc.ConnectionImpl@30675c21
2026-07-11 16:57:39.521 [restartedMain] INFO  com.zaxxer.hikari.HikariDataSource [traceId=] - HikariPool-3 - Start completed.
2026-07-11 16:57:39.577 [restartedMain] INFO  org.flywaydb.core.FlywayExecutor [traceId=] - Database: jdbc:mysql://localhost:3306/scheduled_messaging (MySQL 8.0)
2026-07-11 16:57:39.607 [restartedMain] ERROR o.s.b.w.e.tomcat.TomcatStarter [traceId=] - Error starting Tomcat context. Exception: org.springframework.beans.factory.UnsatisfiedDependencyException. Message: Error creating bean with name 'securityConfig' defined in file [C:\Users\geeth\522\ReactCourse\scheduled-messaging-platform\backend\target\classes\com\enterprise\scheduler\security\SecurityConfig.class]: Unsatisfied dependency expressed through constructor parameter 1: Error creating bean with name 'customUserDetailsService' defined in file [C:\Users\geeth\522\ReactCourse\scheduled-messaging-platform\backend\target\classes\com\enterprise\scheduler\auth\CustomUserDetailsService.class]: Unsatisfied dependency expressed through constructor parameter 0: Error creating bean with name 'userRepository' defined in com.enterprise.scheduler.user.UserRepository defined in @EnableJpaRepositories declared on JpaRepositoriesRegistrar.EnableJpaRepositoriesConfiguration: Cannot resolve reference to bean 'jpaSharedEM_entityManagerFactory' while setting bean property 'entityManager'
2026-07-11 16:57:39.610 [restartedMain] INFO  o.a.catalina.core.StandardService [traceId=] - Stopping service [Tomcat]
2026-07-11 16:57:39.613 [restartedMain] WARN  o.a.c.loader.WebappClassLoaderBase [traceId=] - The web application [ROOT] appears to have started a thread named [HikariPool-3:housekeeper] but has failed to stop it. This is very likely to create a memory leak. Stack trace of thread:
 java.base/jdk.internal.misc.Unsafe.park(Native Method)
 java.base/java.util.concurrent.locks.LockSupport.parkNanos(LockSupport.java:271)
 java.base/java.util.concurrent.locks.AbstractQueuedSynchronizer$ConditionObject.awaitNanos(AbstractQueuedSynchronizer.java:1803)
 java.base/java.util.concurrent.ScheduledThreadPoolExecutor$DelayedWorkQueue.take(ScheduledThreadPoolExecutor.java:1166)
 java.base/java.util.concurrent.ScheduledThreadPoolExecutor$DelayedWorkQueue.take(ScheduledThreadPoolExecutor.java:883)
 java.base/java.util.concurrent.ThreadPoolExecutor.getTask(ThreadPoolExecutor.java:1016)
 java.base/java.util.concurrent.ThreadPoolExecutor.runWorker(ThreadPoolExecutor.java:1076)
 java.base/java.util.concurrent.ThreadPoolExecutor$Worker.run(ThreadPoolExecutor.java:614)
 java.base/java.lang.Thread.run(Thread.java:1516)
2026-07-11 16:57:39.613 [restartedMain] WARN  o.s.b.w.s.c.AnnotationConfigServletWebServerApplicationContext [traceId=] - Exception encountered during context initialization - cancelling refresh attempt: org.springframework.context.ApplicationContextException: Unable to start web server
2026-07-11 16:57:39.614 [restartedMain] INFO  com.zaxxer.hikari.HikariDataSource [traceId=] - HikariPool-3 - Shutdown initiated...
2026-07-11 16:57:39.615 [restartedMain] INFO  com.zaxxer.hikari.HikariDataSource [traceId=] - HikariPool-3 - Shutdown completed.
2026-07-11 16:57:39.626 [restartedMain] INFO  o.s.b.a.l.ConditionEvaluationReportLogger [traceId=] - 

Error starting ApplicationContext. To display the condition evaluation report re-run your application with 'debug' enabled.
2026-07-11 16:57:39.634 [restartedMain] ERROR o.s.boot.SpringApplication [traceId=] - Application run failed
org.springframework.context.ApplicationContextException: Unable to start web server
	at org.springframework.boot.web.servlet.context.ServletWebServerApplicationContext.onRefresh(ServletWebServerApplicationContext.java:170) ~[spring-boot-3.5.0.jar:3.5.0]
	at org.springframework.context.support.AbstractApplicationContext.refresh(AbstractApplicationContext.java:621) ~[spring-context-6.2.7.jar:6.2.7]
	at org.springframework.boot.web.servlet.context.ServletWebServerApplicationContext.refresh(ServletWebServerApplicationContext.java:146) ~[spring-boot-3.5.0.jar:3.5.0]
	at org.springframework.boot.SpringApplication.refresh(SpringApplication.java:753) ~[spring-boot-3.5.0.jar:3.5.0]
	at org.springframework.boot.SpringApplication.refreshContext(SpringApplication.java:439) ~[spring-boot-3.5.0.jar:3.5.0]
	at org.springframework.boot.SpringApplication.run(SpringApplication.java:318) ~[spring-boot-3.5.0.jar:3.5.0]
	at org.springframework.boot.SpringApplication.run(SpringApplication.java:1362) ~[spring-boot-3.5.0.jar:3.5.0]
	at org.springframework.boot.SpringApplication.run(SpringApplication.java:1351) ~[spring-boot-3.5.0.jar:3.5.0]
	at com.enterprise.scheduler.ScheduledMessagingApplication.main(ScheduledMessagingApplication.java:11) ~[classes/:na]
	at java.base/jdk.internal.reflect.DirectMethodHandleAccessor.invoke(DirectMethodHandleAccessor.java:104) ~[na:na]
	at java.base/java.lang.reflect.Method.invoke(Method.java:565) ~[na:na]
	at org.springframework.boot.devtools.restart.RestartLauncher.run(RestartLauncher.java:50) ~[spring-boot-devtools-3.5.0.jar:3.5.0]
Caused by: org.springframework.boot.web.server.WebServerException: Unable to start embedded Tomcat
	at org.springframework.boot.web.embedded.tomcat.TomcatWebServer.initialize(TomcatWebServer.java:147) ~[spring-boot-3.5.0.jar:3.5.0]
	at org.springframework.boot.web.embedded.tomcat.TomcatWebServer.<init>(TomcatWebServer.java:107) ~[spring-boot-3.5.0.jar:3.5.0]
	at org.springframework.boot.web.embedded.tomcat.TomcatServletWebServerFactory.getTomcatWebServer(TomcatServletWebServerFactory.java:517) ~[spring-boot-3.5.0.jar:3.5.0]
	at org.springframework.boot.web.embedded.tomcat.TomcatServletWebServerFactory.getWebServer(TomcatServletWebServerFactory.java:219) ~[spring-boot-3.5.0.jar:3.5.0]
	at org.springframework.boot.web.servlet.context.ServletWebServerApplicationContext.createWebServer(ServletWebServerApplicationContext.java:193) ~[spring-boot-3.5.0.jar:3.5.0]
	at org.springframework.boot.web.servlet.context.ServletWebServerApplicationContext.onRefresh(ServletWebServerApplicationContext.java:167) ~[spring-boot-3.5.0.jar:3.5.0]
	... 11 common frames omitted
Caused by: org.springframework.beans.factory.UnsatisfiedDependencyException: Error creating bean with name 'securityConfig' defined in file [C:\Users\geeth\522\ReactCourse\scheduled-messaging-platform\backend\target\classes\com\enterprise\scheduler\security\SecurityConfig.class]: Unsatisfied dependency expressed through constructor parameter 1: Error creating bean with name 'customUserDetailsService' defined in file [C:\Users\geeth\522\ReactCourse\scheduled-messaging-platform\backend\target\classes\com\enterprise\scheduler\auth\CustomUserDetailsService.class]: Unsatisfied dependency expressed through constructor parameter 0: Error creating bean with name 'userRepository' defined in com.enterprise.scheduler.user.UserRepository defined in @EnableJpaRepositories declared on JpaRepositoriesRegistrar.EnableJpaRepositoriesConfiguration: Cannot resolve reference to bean 'jpaSharedEM_entityManagerFactory' while setting bean property 'entityManager'
	at org.springframework.beans.factory.support.ConstructorResolver.createArgumentArray(ConstructorResolver.java:804) ~[spring-beans-6.2.7.jar:6.2.7]
	at org.springframework.beans.factory.support.ConstructorResolver.autowireConstructor(ConstructorResolver.java:240) ~[spring-beans-6.2.7.jar:6.2.7]
	at org.springframework.beans.factory.support.AbstractAutowireCapableBeanFactory.autowireConstructor(AbstractAutowireCapableBeanFactory.java:1395) ~[spring-beans-6.2.7.jar:6.2.7]
	at org.springframework.beans.factory.support.AbstractAutowireCapableBeanFactory.createBeanInstance(AbstractAutowireCapableBeanFactory.java:1232) ~[spring-beans-6.2.7.jar:6.2.7]
	at org.springframework.beans.factory.support.AbstractAutowireCapableBeanFactory.doCreateBean(AbstractAutowireCapableBeanFactory.java:569) ~[spring-beans-6.2.7.jar:6.2.7]
	at org.springframework.beans.factory.support.AbstractAutowireCapableBeanFactory.createBean(AbstractAutowireCapableBeanFactory.java:529) ~[spring-beans-6.2.7.jar:6.2.7]
	at org.springframework.beans.factory.support.AbstractBeanFactory.lambda$doGetBean$0(AbstractBeanFactory.java:339) ~[spring-beans-6.2.7.jar:6.2.7]
	at org.springframework.beans.factory.support.DefaultSingletonBeanRegistry.getSingleton(DefaultSingletonBeanRegistry.java:373) ~[spring-beans-6.2.7.jar:6.2.7]
	at org.springframework.beans.factory.support.AbstractBeanFactory.doGetBean(AbstractBeanFactory.java:337) ~[spring-beans-6.2.7.jar:6.2.7]
	at org.springframework.beans.factory.support.AbstractBeanFactory.getBean(AbstractBeanFactory.java:202) ~[spring-beans-6.2.7.jar:6.2.7]
	at org.springframework.beans.factory.support.ConstructorResolver.instantiateUsingFactoryMethod(ConstructorResolver.java:413) ~[spring-beans-6.2.7.jar:6.2.7]
	at org.springframework.beans.factory.support.AbstractAutowireCapableBeanFactory.instantiateUsingFactoryMethod(AbstractAutowireCapableBeanFactory.java:1375) ~[spring-beans-6.2.7.jar:6.2.7]
	at org.springframework.beans.factory.support.AbstractAutowireCapableBeanFactory.createBeanInstance(AbstractAutowireCapableBeanFactory.java:1205) ~[spring-beans-6.2.7.jar:6.2.7]
	at org.springframework.beans.factory.support.AbstractAutowireCapableBeanFactory.doCreateBean(AbstractAutowireCapableBeanFactory.java:569) ~[spring-beans-6.2.7.jar:6.2.7]
	at org.springframework.beans.factory.support.AbstractAutowireCapableBeanFactory.createBean(AbstractAutowireCapableBeanFactory.java:529) ~[spring-beans-6.2.7.jar:6.2.7]
	at org.springframework.beans.factory.support.AbstractBeanFactory.lambda$doGetBean$0(AbstractBeanFactory.java:339) ~[spring-beans-6.2.7.jar:6.2.7]
	at org.springframework.beans.factory.support.DefaultSingletonBeanRegistry.getSingleton(DefaultSingletonBeanRegistry.java:373) ~[spring-beans-6.2.7.jar:6.2.7]
	at org.springframework.beans.factory.support.AbstractBeanFactory.doGetBean(AbstractBeanFactory.java:337) ~[spring-beans-6.2.7.jar:6.2.7]
	at org.springframework.beans.factory.support.AbstractBeanFactory.getBean(AbstractBeanFactory.java:207) ~[spring-beans-6.2.7.jar:6.2.7]
	at org.springframework.boot.web.servlet.ServletContextInitializerBeans.getOrderedBeansOfType(ServletContextInitializerBeans.java:230) ~[spring-boot-3.5.0.jar:3.5.0]
	at org.springframework.boot.web.servlet.ServletContextInitializerBeans.addAsRegistrationBean(ServletContextInitializerBeans.java:184) ~[spring-boot-3.5.0.jar:3.5.0]
	at org.springframework.boot.web.servlet.ServletContextInitializerBeans.addAsRegistrationBean(ServletContextInitializerBeans.java:179) ~[spring-boot-3.5.0.jar:3.5.0]
	at org.springframework.boot.web.servlet.ServletContextInitializerBeans.addAdaptableBeans(ServletContextInitializerBeans.java:164) ~[spring-boot-3.5.0.jar:3.5.0]
	at org.springframework.boot.web.servlet.ServletContextInitializerBeans.<init>(ServletContextInitializerBeans.java:96) ~[spring-boot-3.5.0.jar:3.5.0]
	at org.springframework.boot.web.servlet.context.ServletWebServerApplicationContext.getServletContextInitializerBeans(ServletWebServerApplicationContext.java:271) ~[spring-boot-3.5.0.jar:3.5.0]
	at org.springframework.boot.web.servlet.context.ServletWebServerApplicationContext.selfInitialize(ServletWebServerApplicationContext.java:245) ~[spring-boot-3.5.0.jar:3.5.0]
	at org.springframework.boot.web.embedded.tomcat.TomcatStarter.onStartup(TomcatStarter.java:52) ~[spring-boot-3.5.0.jar:3.5.0]
	at org.apache.catalina.core.StandardContext.startInternal(StandardContext.java:4464) ~[tomcat-embed-core-10.1.41.jar:10.1.41]
	at org.apache.catalina.util.LifecycleBase.start(LifecycleBase.java:164) ~[tomcat-embed-core-10.1.41.jar:10.1.41]
	at org.apache.catalina.core.ContainerBase$StartChild.call(ContainerBase.java:1203) ~[tomcat-embed-core-10.1.41.jar:10.1.41]
	at org.apache.catalina.core.ContainerBase$StartChild.call(ContainerBase.java:1193) ~[tomcat-embed-core-10.1.41.jar:10.1.41]
	at java.base/java.util.concurrent.FutureTask.run(FutureTask.java:330) ~[na:na]
	at org.apache.tomcat.util.threads.InlineExecutorService.execute(InlineExecutorService.java:75) ~[tomcat-embed-core-10.1.41.jar:10.1.41]
	at java.base/java.util.concurrent.AbstractExecutorService.submit(AbstractExecutorService.java:149) ~[na:na]
	at org.apache.catalina.core.ContainerBase.startInternal(ContainerBase.java:749) ~[tomcat-embed-core-10.1.41.jar:10.1.41]
	at org.apache.catalina.core.StandardHost.startInternal(StandardHost.java:772) ~[tomcat-embed-core-10.1.41.jar:10.1.41]
	at org.apache.catalina.util.LifecycleBase.start(LifecycleBase.java:164) ~[tomcat-embed-core-10.1.41.jar:10.1.41]
	at org.apache.catalina.core.ContainerBase$StartChild.call(ContainerBase.java:1203) ~[tomcat-embed-core-10.1.41.jar:10.1.41]
	at org.apache.catalina.core.ContainerBase$StartChild.call(ContainerBase.java:1193) ~[tomcat-embed-core-10.1.41.jar:10.1.41]
	at java.base/java.util.concurrent.FutureTask.run(FutureTask.java:330) ~[na:na]
	at org.apache.tomcat.util.threads.InlineExecutorService.execute(InlineExecutorService.java:75) ~[tomcat-embed-core-10.1.41.jar:10.1.41]
	at java.base/java.util.concurrent.AbstractExecutorService.submit(AbstractExecutorService.java:149) ~[na:na]
	at org.apache.catalina.core.ContainerBase.startInternal(ContainerBase.java:749) ~[tomcat-embed-core-10.1.41.jar:10.1.41]
	at org.apache.catalina.core.StandardEngine.startInternal(StandardEngine.java:203) ~[tomcat-embed-core-10.1.41.jar:10.1.41]
	at org.apache.catalina.util.LifecycleBase.start(LifecycleBase.java:164) ~[tomcat-embed-core-10.1.41.jar:10.1.41]
	at org.apache.catalina.core.StandardService.startInternal(StandardService.java:412) ~[tomcat-embed-core-10.1.41.jar:10.1.41]
	at org.apache.catalina.util.LifecycleBase.start(LifecycleBase.java:164) ~[tomcat-embed-core-10.1.41.jar:10.1.41]
	at org.apache.catalina.core.StandardServer.startInternal(StandardServer.java:870) ~[tomcat-embed-core-10.1.41.jar:10.1.41]
	at org.apache.catalina.util.LifecycleBase.start(LifecycleBase.java:164) ~[tomcat-embed-core-10.1.41.jar:10.1.41]
	at org.apache.catalina.startup.Tomcat.start(Tomcat.java:438) ~[tomcat-embed-core-10.1.41.jar:10.1.41]
	at org.springframework.boot.web.embedded.tomcat.TomcatWebServer.initialize(TomcatWebServer.java:128) ~[spring-boot-3.5.0.jar:3.5.0]
	... 16 common frames omitted
Caused by: org.springframework.beans.factory.UnsatisfiedDependencyException: Error creating bean with name 'customUserDetailsService' defined in file [C:\Users\geeth\522\ReactCourse\scheduled-messaging-platform\backend\target\classes\com\enterprise\scheduler\auth\CustomUserDetailsService.class]: Unsatisfied dependency expressed through constructor parameter 0: Error creating bean with name 'userRepository' defined in com.enterprise.scheduler.user.UserRepository defined in @EnableJpaRepositories declared on JpaRepositoriesRegistrar.EnableJpaRepositoriesConfiguration: Cannot resolve reference to bean 'jpaSharedEM_entityManagerFactory' while setting bean property 'entityManager'
	at org.springframework.beans.factory.support.ConstructorResolver.createArgumentArray(ConstructorResolver.java:804) ~[spring-beans-6.2.7.jar:6.2.7]
	at org.springframework.beans.factory.support.ConstructorResolver.autowireConstructor(ConstructorResolver.java:240) ~[spring-beans-6.2.7.jar:6.2.7]
	at org.springframework.beans.factory.support.AbstractAutowireCapableBeanFactory.autowireConstructor(AbstractAutowireCapableBeanFactory.java:1395) ~[spring-beans-6.2.7.jar:6.2.7]
	at org.springframework.beans.factory.support.AbstractAutowireCapableBeanFactory.createBeanInstance(AbstractAutowireCapableBeanFactory.java:1232) ~[spring-beans-6.2.7.jar:6.2.7]
	at org.springframework.beans.factory.support.AbstractAutowireCapableBeanFactory.doCreateBean(AbstractAutowireCapableBeanFactory.java:569) ~[spring-beans-6.2.7.jar:6.2.7]
	at org.springframework.beans.factory.support.AbstractAutowireCapableBeanFactory.createBean(AbstractAutowireCapableBeanFactory.java:529) ~[spring-beans-6.2.7.jar:6.2.7]
	at org.springframework.beans.factory.support.AbstractBeanFactory.lambda$doGetBean$0(AbstractBeanFactory.java:339) ~[spring-beans-6.2.7.jar:6.2.7]
	at org.springframework.beans.factory.support.DefaultSingletonBeanRegistry.getSingleton(DefaultSingletonBeanRegistry.java:373) ~[spring-beans-6.2.7.jar:6.2.7]
	at org.springframework.beans.factory.support.AbstractBeanFactory.doGetBean(AbstractBeanFactory.java:337) ~[spring-beans-6.2.7.jar:6.2.7]
	at org.springframework.beans.factory.support.AbstractBeanFactory.getBean(AbstractBeanFactory.java:202) ~[spring-beans-6.2.7.jar:6.2.7]
	at org.springframework.beans.factory.support.DefaultListableBeanFactory.doResolveDependency(DefaultListableBeanFactory.java:1682) ~[spring-beans-6.2.7.jar:6.2.7]
	at org.springframework.beans.factory.support.DefaultListableBeanFactory.resolveDependency(DefaultListableBeanFactory.java:1628) ~[spring-beans-6.2.7.jar:6.2.7]
	at org.springframework.beans.factory.support.ConstructorResolver.resolveAutowiredArgument(ConstructorResolver.java:913) ~[spring-beans-6.2.7.jar:6.2.7]
	at org.springframework.beans.factory.support.ConstructorResolver.createArgumentArray(ConstructorResolver.java:791) ~[spring-beans-6.2.7.jar:6.2.7]
	... 66 common frames omitted
Caused by: org.springframework.beans.factory.BeanCreationException: Error creating bean with name 'userRepository' defined in com.enterprise.scheduler.user.UserRepository defined in @EnableJpaRepositories declared on JpaRepositoriesRegistrar.EnableJpaRepositoriesConfiguration: Cannot resolve reference to bean 'jpaSharedEM_entityManagerFactory' while setting bean property 'entityManager'
	at org.springframework.beans.factory.support.BeanDefinitionValueResolver.resolveReference(BeanDefinitionValueResolver.java:377) ~[spring-beans-6.2.7.jar:6.2.7]
	at org.springframework.beans.factory.support.BeanDefinitionValueResolver.resolveValueIfNecessary(BeanDefinitionValueResolver.java:135) ~[spring-beans-6.2.7.jar:6.2.7]
	at org.springframework.beans.factory.support.AbstractAutowireCapableBeanFactory.applyPropertyValues(AbstractAutowireCapableBeanFactory.java:1725) ~[spring-beans-6.2.7.jar:6.2.7]
	at org.springframework.beans.factory.support.AbstractAutowireCapableBeanFactory.populateBean(AbstractAutowireCapableBeanFactory.java:1474) ~[spring-beans-6.2.7.jar:6.2.7]
	at org.springframework.beans.factory.support.AbstractAutowireCapableBeanFactory.doCreateBean(AbstractAutowireCapableBeanFactory.java:606) ~[spring-beans-6.2.7.jar:6.2.7]
	at org.springframework.beans.factory.support.AbstractAutowireCapableBeanFactory.createBean(AbstractAutowireCapableBeanFactory.java:529) ~[spring-beans-6.2.7.jar:6.2.7]
	at org.springframework.beans.factory.support.AbstractBeanFactory.lambda$doGetBean$0(AbstractBeanFactory.java:339) ~[spring-beans-6.2.7.jar:6.2.7]
	at org.springframework.beans.factory.support.DefaultSingletonBeanRegistry.getSingleton(DefaultSingletonBeanRegistry.java:373) ~[spring-beans-6.2.7.jar:6.2.7]
	at org.springframework.beans.factory.support.AbstractBeanFactory.doGetBean(AbstractBeanFactory.java:337) ~[spring-beans-6.2.7.jar:6.2.7]
	at org.springframework.beans.factory.support.AbstractBeanFactory.getBean(AbstractBeanFactory.java:202) ~[spring-beans-6.2.7.jar:6.2.7]
	at org.springframework.beans.factory.support.DefaultListableBeanFactory.doResolveDependency(DefaultListableBeanFactory.java:1682) ~[spring-beans-6.2.7.jar:6.2.7]
	at org.springframework.beans.factory.support.DefaultListableBeanFactory.resolveDependency(DefaultListableBeanFactory.java:1628) ~[spring-beans-6.2.7.jar:6.2.7]
	at org.springframework.beans.factory.support.ConstructorResolver.resolveAutowiredArgument(ConstructorResolver.java:913) ~[spring-beans-6.2.7.jar:6.2.7]
	at org.springframework.beans.factory.support.ConstructorResolver.createArgumentArray(ConstructorResolver.java:791) ~[spring-beans-6.2.7.jar:6.2.7]
	... 79 common frames omitted
Caused by: org.springframework.beans.factory.BeanCreationException: Error creating bean with name 'jpaSharedEM_entityManagerFactory': Cannot resolve reference to bean 'entityManagerFactory' while setting constructor argument
	at org.springframework.beans.factory.support.BeanDefinitionValueResolver.resolveReference(BeanDefinitionValueResolver.java:377) ~[spring-beans-6.2.7.jar:6.2.7]
	at org.springframework.beans.factory.support.BeanDefinitionValueResolver.resolveValueIfNecessary(BeanDefinitionValueResolver.java:135) ~[spring-beans-6.2.7.jar:6.2.7]
	at org.springframework.beans.factory.support.ConstructorResolver.resolveConstructorArguments(ConstructorResolver.java:691) ~[spring-beans-6.2.7.jar:6.2.7]
	at org.springframework.beans.factory.support.ConstructorResolver.instantiateUsingFactoryMethod(ConstructorResolver.java:513) ~[spring-beans-6.2.7.jar:6.2.7]
	at org.springframework.beans.factory.support.AbstractAutowireCapableBeanFactory.instantiateUsingFactoryMethod(AbstractAutowireCapableBeanFactory.java:1375) ~[spring-beans-6.2.7.jar:6.2.7]
	at org.springframework.beans.factory.support.AbstractAutowireCapableBeanFactory.createBeanInstance(AbstractAutowireCapableBeanFactory.java:1205) ~[spring-beans-6.2.7.jar:6.2.7]
	at org.springframework.beans.factory.support.AbstractAutowireCapableBeanFactory.doCreateBean(AbstractAutowireCapableBeanFactory.java:569) ~[spring-beans-6.2.7.jar:6.2.7]
	at org.springframework.beans.factory.support.AbstractAutowireCapableBeanFactory.createBean(AbstractAutowireCapableBeanFactory.java:529) ~[spring-beans-6.2.7.jar:6.2.7]
	at org.springframework.beans.factory.support.AbstractBeanFactory.lambda$doGetBean$0(AbstractBeanFactory.java:339) ~[spring-beans-6.2.7.jar:6.2.7]
	at org.springframework.beans.factory.support.DefaultSingletonBeanRegistry.getSingleton(DefaultSingletonBeanRegistry.java:373) ~[spring-beans-6.2.7.jar:6.2.7]
	at org.springframework.beans.factory.support.AbstractBeanFactory.doGetBean(AbstractBeanFactory.java:337) ~[spring-beans-6.2.7.jar:6.2.7]
	at org.springframework.beans.factory.support.AbstractBeanFactory.getBean(AbstractBeanFactory.java:202) ~[spring-beans-6.2.7.jar:6.2.7]
	at org.springframework.beans.factory.support.BeanDefinitionValueResolver.resolveReference(BeanDefinitionValueResolver.java:365) ~[spring-beans-6.2.7.jar:6.2.7]
	... 92 common frames omitted
Caused by: org.springframework.beans.factory.BeanCreationException: Error creating bean with name 'flywayInitializer' defined in class path resource [org/springframework/boot/autoconfigure/flyway/FlywayAutoConfiguration$FlywayConfiguration.class]: Validate failed: Migrations have failed validation
Migration checksum mismatch for migration version 8
-> Applied to database : -442106271
-> Resolved locally    : 137166545
Either revert the changes to the migration, or run repair to update the schema history.
Need more flexibility with validation rules? Learn more: https://rd.gt/3AbJUZE
	at org.springframework.beans.factory.support.AbstractAutowireCapableBeanFactory.initializeBean(AbstractAutowireCapableBeanFactory.java:1826) ~[spring-beans-6.2.7.jar:6.2.7]
	at org.springframework.beans.factory.support.AbstractAutowireCapableBeanFactory.doCreateBean(AbstractAutowireCapableBeanFactory.java:607) ~[spring-beans-6.2.7.jar:6.2.7]
	at org.springframework.beans.factory.support.AbstractAutowireCapableBeanFactory.createBean(AbstractAutowireCapableBeanFactory.java:529) ~[spring-beans-6.2.7.jar:6.2.7]
	at org.springframework.beans.factory.support.AbstractBeanFactory.lambda$doGetBean$0(AbstractBeanFactory.java:339) ~[spring-beans-6.2.7.jar:6.2.7]
	at org.springframework.beans.factory.support.DefaultSingletonBeanRegistry.getSingleton(DefaultSingletonBeanRegistry.java:373) ~[spring-beans-6.2.7.jar:6.2.7]
	at org.springframework.beans.factory.support.AbstractBeanFactory.doGetBean(AbstractBeanFactory.java:337) ~[spring-beans-6.2.7.jar:6.2.7]
	at org.springframework.beans.factory.support.AbstractBeanFactory.getBean(AbstractBeanFactory.java:202) ~[spring-beans-6.2.7.jar:6.2.7]
	at org.springframework.beans.factory.support.AbstractBeanFactory.doGetBean(AbstractBeanFactory.java:315) ~[spring-beans-6.2.7.jar:6.2.7]
	at org.springframework.beans.factory.support.AbstractBeanFactory.getBean(AbstractBeanFactory.java:202) ~[spring-beans-6.2.7.jar:6.2.7]
	at org.springframework.beans.factory.support.BeanDefinitionValueResolver.resolveReference(BeanDefinitionValueResolver.java:365) ~[spring-beans-6.2.7.jar:6.2.7]
	... 104 common frames omitted
Caused by: org.flywaydb.core.api.exception.FlywayValidateException: Validate failed: Migrations have failed validation
Migration checksum mismatch for migration version 8
-> Applied to database : -442106271
-> Resolved locally    : 137166545
Either revert the changes to the migration, or run repair to update the schema history.
Need more flexibility with validation rules? Learn more: https://rd.gt/3AbJUZE
	at org.flywaydb.core.Flyway.lambda$migrate$1(Flyway.java:201) ~[flyway-core-11.7.2.jar:na]
	at org.flywaydb.core.FlywayExecutor.execute(FlywayExecutor.java:210) ~[flyway-core-11.7.2.jar:na]
	at org.flywaydb.core.Flyway.migrate(Flyway.java:188) ~[flyway-core-11.7.2.jar:na]
	at org.springframework.boot.autoconfigure.flyway.FlywayMigrationInitializer.afterPropertiesSet(FlywayMigrationInitializer.java:66) ~[spring-boot-autoconfigure-3.5.0.jar:3.5.0]
	at org.springframework.beans.factory.support.AbstractAutowireCapableBeanFactory.invokeInitMethods(AbstractAutowireCapableBeanFactory.java:1873) ~[spring-beans-6.2.7.jar:6.2.7]
	at org.springframework.beans.factory.support.AbstractAutowireCapableBeanFactory.initializeBean(AbstractAutowireCapableBeanFactory.java:1822) ~[spring-beans-6.2.7.jar:6.2.7]
	... 113 common frames omitted
2026-07-11 17:45:57.704 [restartedMain] INFO  c.e.s.ScheduledMessagingApplication [traceId=] - Starting ScheduledMessagingApplication using Java 26 with PID 15492 (C:\Users\geeth\522\ReactCourse\scheduled-messaging-platform\backend\target\classes started by geeth in C:\Users\geeth\522\ReactCourse\scheduled-messaging-platform\backend)
2026-07-11 17:45:57.706 [restartedMain] DEBUG c.e.s.ScheduledMessagingApplication [traceId=] - Running with Spring Boot v3.5.0, Spring v6.2.7
2026-07-11 17:45:57.706 [restartedMain] INFO  c.e.s.ScheduledMessagingApplication [traceId=] - The following 1 profile is active: "dev"
2026-07-11 17:45:57.749 [restartedMain] INFO  o.s.b.d.e.DevToolsPropertyDefaultsPostProcessor [traceId=] - Devtools property defaults active! Set 'spring.devtools.add-properties' to 'false' to disable
2026-07-11 17:45:57.749 [restartedMain] INFO  o.s.b.d.e.DevToolsPropertyDefaultsPostProcessor [traceId=] - For additional web related logging consider setting the 'logging.level.web' property to 'DEBUG'
2026-07-11 17:45:58.579 [restartedMain] INFO  o.s.d.r.c.RepositoryConfigurationDelegate [traceId=] - Bootstrapping Spring Data JPA repositories in DEFAULT mode.
2026-07-11 17:45:58.639 [restartedMain] INFO  o.s.d.r.c.RepositoryConfigurationDelegate [traceId=] - Finished Spring Data repository scanning in 53 ms. Found 7 JPA repository interfaces.
2026-07-11 17:45:59.128 [restartedMain] INFO  o.s.b.w.e.tomcat.TomcatWebServer [traceId=] - Tomcat initialized with port 8080 (http)
2026-07-11 17:45:59.138 [restartedMain] INFO  o.a.catalina.core.StandardService [traceId=] - Starting service [Tomcat]
2026-07-11 17:45:59.138 [restartedMain] INFO  o.a.catalina.core.StandardEngine [traceId=] - Starting Servlet engine: [Apache Tomcat/10.1.41]
2026-07-11 17:45:59.183 [restartedMain] INFO  o.a.c.c.C.[Tomcat].[localhost].[/] [traceId=] - Initializing Spring embedded WebApplicationContext
2026-07-11 17:45:59.184 [restartedMain] INFO  o.s.b.w.s.c.ServletWebServerApplicationContext [traceId=] - Root WebApplicationContext: initialization completed in 1434 ms
2026-07-11 17:45:59.318 [restartedMain] INFO  c.e.scheduler.config.DatabaseConfig [traceId=] - Found database URL with embedded credentials. Parsing and converting to standard JDBC format...
2026-07-11 17:45:59.319 [restartedMain] INFO  c.e.scheduler.config.DatabaseConfig [traceId=] - Configuring HikariDataSource with auto-converted JDBC URL: jdbc:mysql://localhost:3306/scheduled_messaging
2026-07-11 17:45:59.327 [restartedMain] INFO  com.zaxxer.hikari.HikariDataSource [traceId=] - HikariPool-1 - Starting...
2026-07-11 17:45:59.578 [restartedMain] INFO  com.zaxxer.hikari.pool.HikariPool [traceId=] - HikariPool-1 - Added connection com.mysql.cj.jdbc.ConnectionImpl@2a548a0f
2026-07-11 17:45:59.579 [restartedMain] INFO  com.zaxxer.hikari.HikariDataSource [traceId=] - HikariPool-1 - Start completed.
2026-07-11 17:45:59.762 [restartedMain] INFO  org.flywaydb.core.FlywayExecutor [traceId=] - Database: jdbc:mysql://localhost:3306/scheduled_messaging (MySQL 8.0)
2026-07-11 17:45:59.823 [restartedMain] ERROR o.s.b.w.e.tomcat.TomcatStarter [traceId=] - Error starting Tomcat context. Exception: org.springframework.beans.factory.UnsatisfiedDependencyException. Message: Error creating bean with name 'securityConfig' defined in file [C:\Users\geeth\522\ReactCourse\scheduled-messaging-platform\backend\target\classes\com\enterprise\scheduler\security\SecurityConfig.class]: Unsatisfied dependency expressed through constructor parameter 1: Error creating bean with name 'customUserDetailsService' defined in file [C:\Users\geeth\522\ReactCourse\scheduled-messaging-platform\backend\target\classes\com\enterprise\scheduler\auth\CustomUserDetailsService.class]: Unsatisfied dependency expressed through constructor parameter 0: Error creating bean with name 'userRepository' defined in com.enterprise.scheduler.user.UserRepository defined in @EnableJpaRepositories declared on JpaRepositoriesRegistrar.EnableJpaRepositoriesConfiguration: Cannot resolve reference to bean 'jpaSharedEM_entityManagerFactory' while setting bean property 'entityManager'
2026-07-11 17:45:59.840 [restartedMain] INFO  o.a.catalina.core.StandardService [traceId=] - Stopping service [Tomcat]
2026-07-11 17:45:59.844 [restartedMain] WARN  o.a.c.loader.WebappClassLoaderBase [traceId=] - The web application [ROOT] appears to have started a thread named [HikariPool-1:housekeeper] but has failed to stop it. This is very likely to create a memory leak. Stack trace of thread:
 java.base/jdk.internal.misc.Unsafe.park(Native Method)
 java.base/java.util.concurrent.locks.LockSupport.parkNanos(LockSupport.java:271)
 java.base/java.util.concurrent.locks.AbstractQueuedSynchronizer$ConditionObject.awaitNanos(AbstractQueuedSynchronizer.java:1803)
 java.base/java.util.concurrent.ScheduledThreadPoolExecutor$DelayedWorkQueue.take(ScheduledThreadPoolExecutor.java:1166)
 java.base/java.util.concurrent.ScheduledThreadPoolExecutor$DelayedWorkQueue.take(ScheduledThreadPoolExecutor.java:883)
 java.base/java.util.concurrent.ThreadPoolExecutor.getTask(ThreadPoolExecutor.java:1016)
 java.base/java.util.concurrent.ThreadPoolExecutor.runWorker(ThreadPoolExecutor.java:1076)
 java.base/java.util.concurrent.ThreadPoolExecutor$Worker.run(ThreadPoolExecutor.java:614)
 java.base/java.lang.Thread.run(Thread.java:1516)
2026-07-11 17:45:59.845 [restartedMain] WARN  o.a.c.loader.WebappClassLoaderBase [traceId=] - The web application [ROOT] appears to have started a thread named [HikariPool-1:connection-adder] but has failed to stop it. This is very likely to create a memory leak. Stack trace of thread:
 java.base/java.lang.invoke.InvokerBytecodeGenerator$1.accept(InvokerBytecodeGenerator.java:251)
 java.base/java.lang.invoke.InvokerBytecodeGenerator$1.accept(InvokerBytecodeGenerator.java:248)
 java.base/jdk.internal.classfile.impl.ClassFileImpl.build(ClassFileImpl.java:144)
 java.base/java.lang.invoke.InvokerBytecodeGenerator.classFileSetup(InvokerBytecodeGenerator.java:248)
 java.base/java.lang.invoke.InvokerBytecodeGenerator.generateCustomizedCodeBytes(InvokerBytecodeGenerator.java:544)
 java.base/java.lang.invoke.InvokerBytecodeGenerator.generateCustomizedCode(InvokerBytecodeGenerator.java:515)
 java.base/java.lang.invoke.LambdaForm.compileToBytecode(LambdaForm.java:809)
 java.base/java.lang.invoke.LambdaForm.customize(LambdaForm.java:437)
 java.base/java.lang.invoke.MethodHandle$1.apply(MethodHandle.java:1872)
 java.base/java.lang.invoke.MethodHandle$1.apply(MethodHandle.java:1870)
 java.base/java.lang.invoke.MethodHandle.updateForm(MethodHandle.java:1892)
 java.base/java.lang.invoke.MethodHandle.customize(MethodHandle.java:1870)
 java.base/java.lang.invoke.MethodHandle.maybeCustomize(MethodHandle.java:1860)
 java.base/java.lang.invoke.Invokers.maybeCustomize(Invokers.java:634)
 java.base/java.lang.invoke.Invokers.checkCustomized(Invokers.java:628)
 java.base/jdk.internal.reflect.DirectConstructorHandleAccessor.newInstance(DirectConstructorHandleAccessor.java:62)
 java.base/java.lang.reflect.Constructor.newInstanceWithCaller(Constructor.java:499)
 java.base/java.lang.reflect.Constructor.newInstance(Constructor.java:483)
 java.base/java.security.Provider$Service.newInstanceOf(Provider.java:1769)
 java.base/java.security.Provider$Service.newInstanceUtil(Provider.java:1776)
 java.base/java.security.Provider$Service.newInstance(Provider.java:1751)
 java.base/sun.security.jca.GetInstance.getInstance(GetInstance.java:227)
 java.base/sun.security.jca.GetInstance.getInstance(GetInstance.java:152)
 java.base/java.security.MessageDigest.getInstance(MessageDigest.java:203)
 java.base/com.sun.crypto.provider.HmacCore.<init>(HmacCore.java:64)
 java.base/com.sun.crypto.provider.HmacCore$HmacSHA384.<init>(HmacCore.java:283)
 java.base/jdk.internal.reflect.DirectConstructorHandleAccessor.newInstance(DirectConstructorHandleAccessor.java:62)
 java.base/java.lang.reflect.Constructor.newInstanceWithCaller(Constructor.java:499)
 java.base/java.lang.reflect.Constructor.newInstance(Constructor.java:483)
 java.base/java.security.Provider$Service.newInstanceOf(Provider.java:1769)
 java.base/java.security.Provider$Service.newInstanceUtil(Provider.java:1776)
 java.base/java.security.Provider$Service.newInstance(Provider.java:1751)
 java.base/javax.crypto.Mac.chooseProvider(Mac.java:368)
 java.base/javax.crypto.Mac.init(Mac.java:438)
 java.base/com.sun.crypto.provider.HKDFKeyDerivation.hkdfExpand(HKDFKeyDerivation.java:361)
 java.base/com.sun.crypto.provider.HKDFKeyDerivation.engineDeriveData(HKDFKeyDerivation.java:203)
 java.base/javax.crypto.KDF.deriveData(KDF.java:580)
 java.base/sun.security.ssl.SSLTrafficKeyDerivation$T13TrafficKeyDerivation.deriveData(SSLTrafficKeyDerivation.java:167)
 java.base/sun.security.ssl.Finished$T13FinishedProducer.onProduceFinished(Finished.java:725)
 java.base/sun.security.ssl.Finished$T13FinishedProducer.produce(Finished.java:670)
 java.base/sun.security.ssl.SSLHandshake.produce(SSLHandshake.java:465)
 java.base/sun.security.ssl.Finished$T13FinishedConsumer.onConsumeFinished(Finished.java:1056)
 java.base/sun.security.ssl.Finished$T13FinishedConsumer.consume(Finished.java:902)
 java.base/sun.security.ssl.SSLHandshake.consume(SSLHandshake.java:421)
 java.base/sun.security.ssl.HandshakeContext.dispatch(HandshakeContext.java:477)
 java.base/sun.security.ssl.HandshakeContext.dispatch(HandshakeContext.java:448)
 java.base/sun.security.ssl.TransportContext.dispatch(TransportContext.java:199)
 java.base/sun.security.ssl.SSLTransport.decode(SSLTransport.java:172)
 java.base/sun.security.ssl.SSLSocketImpl.decode(SSLSocketImpl.java:1506)
 java.base/sun.security.ssl.SSLSocketImpl.readHandshakeRecord(SSLSocketImpl.java:1421)
 java.base/sun.security.ssl.SSLSocketImpl.startHandshake(SSLSocketImpl.java:455)
 java.base/sun.security.ssl.SSLSocketImpl.startHandshake(SSLSocketImpl.java:426)
 com.mysql.cj.protocol.ExportControlled.performTlsHandshake(ExportControlled.java:206)
 com.mysql.cj.protocol.StandardSocketFactory.performTlsHandshake(StandardSocketFactory.java:183)
 com.mysql.cj.protocol.a.NativeSocketConnection.performTlsHandshake(NativeSocketConnection.java:91)
 com.mysql.cj.protocol.a.NativeProtocol.negotiateSSLConnection(NativeProtocol.java:357)
 com.mysql.cj.protocol.a.NativeAuthenticationProvider.connect(NativeAuthenticationProvider.java:199)
 com.mysql.cj.protocol.a.NativeProtocol.connect(NativeProtocol.java:1333)
 com.mysql.cj.NativeSession.connect(NativeSession.java:155)
 com.mysql.cj.jdbc.ConnectionImpl.connectOneTryOnly(ConnectionImpl.java:961)
 com.mysql.cj.jdbc.ConnectionImpl.createNewIO(ConnectionImpl.java:825)
 com.mysql.cj.jdbc.ConnectionImpl.<init>(ConnectionImpl.java:420)
 com.mysql.cj.jdbc.ConnectionImpl.getInstance(ConnectionImpl.java:238)
 com.mysql.cj.jdbc.NonRegisteringDriver.connect(NonRegisteringDriver.java:180)
 com.zaxxer.hikari.util.DriverDataSource.getConnection(DriverDataSource.java:139)
 com.zaxxer.hikari.pool.PoolBase.newConnection(PoolBase.java:368)
 com.zaxxer.hikari.pool.PoolBase.newPoolEntry(PoolBase.java:205)
 com.zaxxer.hikari.pool.HikariPool.createPoolEntry(HikariPool.java:483)
 com.zaxxer.hikari.pool.HikariPool$PoolEntryCreator.call(HikariPool.java:747)
 com.zaxxer.hikari.pool.HikariPool$PoolEntryCreator.call(HikariPool.java:726)
 java.base/java.util.concurrent.FutureTask.run(FutureTask.java:330)
 java.base/java.util.concurrent.ThreadPoolExecutor.runWorker(ThreadPoolExecutor.java:1090)
 java.base/java.util.concurrent.ThreadPoolExecutor$Worker.run(ThreadPoolExecutor.java:614)
 java.base/java.lang.Thread.run(Thread.java:1516)
2026-07-11 17:45:59.848 [restartedMain] WARN  o.s.b.w.s.c.AnnotationConfigServletWebServerApplicationContext [traceId=] - Exception encountered during context initialization - cancelling refresh attempt: org.springframework.context.ApplicationContextException: Unable to start web server
2026-07-11 17:45:59.848 [restartedMain] INFO  com.zaxxer.hikari.HikariDataSource [traceId=] - HikariPool-1 - Shutdown initiated...
2026-07-11 17:45:59.884 [restartedMain] INFO  com.zaxxer.hikari.HikariDataSource [traceId=] - HikariPool-1 - Shutdown completed.
2026-07-11 17:45:59.892 [restartedMain] INFO  o.s.b.a.l.ConditionEvaluationReportLogger [traceId=] - 

Error starting ApplicationContext. To display the condition evaluation report re-run your application with 'debug' enabled.
2026-07-11 17:45:59.906 [restartedMain] ERROR o.s.boot.SpringApplication [traceId=] - Application run failed
org.springframework.context.ApplicationContextException: Unable to start web server
	at org.springframework.boot.web.servlet.context.ServletWebServerApplicationContext.onRefresh(ServletWebServerApplicationContext.java:170)
	at org.springframework.context.support.AbstractApplicationContext.refresh(AbstractApplicationContext.java:621)
	at org.springframework.boot.web.servlet.context.ServletWebServerApplicationContext.refresh(ServletWebServerApplicationContext.java:146)
	at org.springframework.boot.SpringApplication.refresh(SpringApplication.java:753)
	at org.springframework.boot.SpringApplication.refreshContext(SpringApplication.java:439)
	at org.springframework.boot.SpringApplication.run(SpringApplication.java:318)
	at org.springframework.boot.SpringApplication.run(SpringApplication.java:1362)
	at org.springframework.boot.SpringApplication.run(SpringApplication.java:1351)
	at com.enterprise.scheduler.ScheduledMessagingApplication.main(ScheduledMessagingApplication.java:11)
	at java.base/jdk.internal.reflect.DirectMethodHandleAccessor.invoke(DirectMethodHandleAccessor.java:104)
	at java.base/java.lang.reflect.Method.invoke(Method.java:565)
	at org.springframework.boot.devtools.restart.RestartLauncher.run(RestartLauncher.java:50)
Caused by: org.springframework.boot.web.server.WebServerException: Unable to start embedded Tomcat
	at org.springframework.boot.web.embedded.tomcat.TomcatWebServer.initialize(TomcatWebServer.java:147)
	at org.springframework.boot.web.embedded.tomcat.TomcatWebServer.<init>(TomcatWebServer.java:107)
	at org.springframework.boot.web.embedded.tomcat.TomcatServletWebServerFactory.getTomcatWebServer(TomcatServletWebServerFactory.java:517)
	at org.springframework.boot.web.embedded.tomcat.TomcatServletWebServerFactory.getWebServer(TomcatServletWebServerFactory.java:219)
	at org.springframework.boot.web.servlet.context.ServletWebServerApplicationContext.createWebServer(ServletWebServerApplicationContext.java:193)
	at org.springframework.boot.web.servlet.context.ServletWebServerApplicationContext.onRefresh(ServletWebServerApplicationContext.java:167)
	... 11 common frames omitted
Caused by: org.springframework.beans.factory.UnsatisfiedDependencyException: Error creating bean with name 'securityConfig' defined in file [C:\Users\geeth\522\ReactCourse\scheduled-messaging-platform\backend\target\classes\com\enterprise\scheduler\security\SecurityConfig.class]: Unsatisfied dependency expressed through constructor parameter 1: Error creating bean with name 'customUserDetailsService' defined in file [C:\Users\geeth\522\ReactCourse\scheduled-messaging-platform\backend\target\classes\com\enterprise\scheduler\auth\CustomUserDetailsService.class]: Unsatisfied dependency expressed through constructor parameter 0: Error creating bean with name 'userRepository' defined in com.enterprise.scheduler.user.UserRepository defined in @EnableJpaRepositories declared on JpaRepositoriesRegistrar.EnableJpaRepositoriesConfiguration: Cannot resolve reference to bean 'jpaSharedEM_entityManagerFactory' while setting bean property 'entityManager'
	at org.springframework.beans.factory.support.ConstructorResolver.createArgumentArray(ConstructorResolver.java:804)
	at org.springframework.beans.factory.support.ConstructorResolver.autowireConstructor(ConstructorResolver.java:240)
	at org.springframework.beans.factory.support.AbstractAutowireCapableBeanFactory.autowireConstructor(AbstractAutowireCapableBeanFactory.java:1395)
	at org.springframework.beans.factory.support.AbstractAutowireCapableBeanFactory.createBeanInstance(AbstractAutowireCapableBeanFactory.java:1232)
	at org.springframework.beans.factory.support.AbstractAutowireCapableBeanFactory.doCreateBean(AbstractAutowireCapableBeanFactory.java:569)
	at org.springframework.beans.factory.support.AbstractAutowireCapableBeanFactory.createBean(AbstractAutowireCapableBeanFactory.java:529)
	at org.springframework.beans.factory.support.AbstractBeanFactory.lambda$doGetBean$0(AbstractBeanFactory.java:339)
	at org.springframework.beans.factory.support.DefaultSingletonBeanRegistry.getSingleton(DefaultSingletonBeanRegistry.java:373)
	at org.springframework.beans.factory.support.AbstractBeanFactory.doGetBean(AbstractBeanFactory.java:337)
	at org.springframework.beans.factory.support.AbstractBeanFactory.getBean(AbstractBeanFactory.java:202)
	at org.springframework.beans.factory.support.ConstructorResolver.instantiateUsingFactoryMethod(ConstructorResolver.java:413)
	at org.springframework.beans.factory.support.AbstractAutowireCapableBeanFactory.instantiateUsingFactoryMethod(AbstractAutowireCapableBeanFactory.java:1375)
	at org.springframework.beans.factory.support.AbstractAutowireCapableBeanFactory.createBeanInstance(AbstractAutowireCapableBeanFactory.java:1205)
	at org.springframework.beans.factory.support.AbstractAutowireCapableBeanFactory.doCreateBean(AbstractAutowireCapableBeanFactory.java:569)
	at org.springframework.beans.factory.support.AbstractAutowireCapableBeanFactory.createBean(AbstractAutowireCapableBeanFactory.java:529)
	at org.springframework.beans.factory.support.AbstractBeanFactory.lambda$doGetBean$0(AbstractBeanFactory.java:339)
	at org.springframework.beans.factory.support.DefaultSingletonBeanRegistry.getSingleton(DefaultSingletonBeanRegistry.java:373)
	at org.springframework.beans.factory.support.AbstractBeanFactory.doGetBean(AbstractBeanFactory.java:337)
	at org.springframework.beans.factory.support.AbstractBeanFactory.getBean(AbstractBeanFactory.java:207)
	at org.springframework.boot.web.servlet.ServletContextInitializerBeans.getOrderedBeansOfType(ServletContextInitializerBeans.java:230)
	at org.springframework.boot.web.servlet.ServletContextInitializerBeans.addAsRegistrationBean(ServletContextInitializerBeans.java:184)
	at org.springframework.boot.web.servlet.ServletContextInitializerBeans.addAsRegistrationBean(ServletContextInitializerBeans.java:179)
	at org.springframework.boot.web.servlet.ServletContextInitializerBeans.addAdaptableBeans(ServletContextInitializerBeans.java:164)
	at org.springframework.boot.web.servlet.ServletContextInitializerBeans.<init>(ServletContextInitializerBeans.java:96)
	at org.springframework.boot.web.servlet.context.ServletWebServerApplicationContext.getServletContextInitializerBeans(ServletWebServerApplicationContext.java:271)
	at org.springframework.boot.web.servlet.context.ServletWebServerApplicationContext.selfInitialize(ServletWebServerApplicationContext.java:245)
	at org.springframework.boot.web.embedded.tomcat.TomcatStarter.onStartup(TomcatStarter.java:52)
	at org.apache.catalina.core.StandardContext.startInternal(StandardContext.java:4464)
	at org.apache.catalina.util.LifecycleBase.start(LifecycleBase.java:164)
	at org.apache.catalina.core.ContainerBase$StartChild.call(ContainerBase.java:1203)
	at org.apache.catalina.core.ContainerBase$StartChild.call(ContainerBase.java:1193)
	at java.base/java.util.concurrent.FutureTask.run(FutureTask.java:330)
	at org.apache.tomcat.util.threads.InlineExecutorService.execute(InlineExecutorService.java:75)
	at java.base/java.util.concurrent.AbstractExecutorService.submit(AbstractExecutorService.java:149)
	at org.apache.catalina.core.ContainerBase.startInternal(ContainerBase.java:749)
	at org.apache.catalina.core.StandardHost.startInternal(StandardHost.java:772)
	at org.apache.catalina.util.LifecycleBase.start(LifecycleBase.java:164)
	at org.apache.catalina.core.ContainerBase$StartChild.call(ContainerBase.java:1203)
	at org.apache.catalina.core.ContainerBase$StartChild.call(ContainerBase.java:1193)
	at java.base/java.util.concurrent.FutureTask.run(FutureTask.java:330)
	at org.apache.tomcat.util.threads.InlineExecutorService.execute(InlineExecutorService.java:75)
	at java.base/java.util.concurrent.AbstractExecutorService.submit(AbstractExecutorService.java:149)
	at org.apache.catalina.core.ContainerBase.startInternal(ContainerBase.java:749)
	at org.apache.catalina.core.StandardEngine.startInternal(StandardEngine.java:203)
	at org.apache.catalina.util.LifecycleBase.start(LifecycleBase.java:164)
	at org.apache.catalina.core.StandardService.startInternal(StandardService.java:412)
	at org.apache.catalina.util.LifecycleBase.start(LifecycleBase.java:164)
	at org.apache.catalina.core.StandardServer.startInternal(StandardServer.java:870)
	at org.apache.catalina.util.LifecycleBase.start(LifecycleBase.java:164)
	at org.apache.catalina.startup.Tomcat.start(Tomcat.java:438)
	at org.springframework.boot.web.embedded.tomcat.TomcatWebServer.initialize(TomcatWebServer.java:128)
	... 16 common frames omitted
Caused by: org.springframework.beans.factory.UnsatisfiedDependencyException: Error creating bean with name 'customUserDetailsService' defined in file [C:\Users\geeth\522\ReactCourse\scheduled-messaging-platform\backend\target\classes\com\enterprise\scheduler\auth\CustomUserDetailsService.class]: Unsatisfied dependency expressed through constructor parameter 0: Error creating bean with name 'userRepository' defined in com.enterprise.scheduler.user.UserRepository defined in @EnableJpaRepositories declared on JpaRepositoriesRegistrar.EnableJpaRepositoriesConfiguration: Cannot resolve reference to bean 'jpaSharedEM_entityManagerFactory' while setting bean property 'entityManager'
	at org.springframework.beans.factory.support.ConstructorResolver.createArgumentArray(ConstructorResolver.java:804)
	at org.springframework.beans.factory.support.ConstructorResolver.autowireConstructor(ConstructorResolver.java:240)
	at org.springframework.beans.factory.support.AbstractAutowireCapableBeanFactory.autowireConstructor(AbstractAutowireCapableBeanFactory.java:1395)
	at org.springframework.beans.factory.support.AbstractAutowireCapableBeanFactory.createBeanInstance(AbstractAutowireCapableBeanFactory.java:1232)
	at org.springframework.beans.factory.support.AbstractAutowireCapableBeanFactory.doCreateBean(AbstractAutowireCapableBeanFactory.java:569)
	at org.springframework.beans.factory.support.AbstractAutowireCapableBeanFactory.createBean(AbstractAutowireCapableBeanFactory.java:529)
	at org.springframework.beans.factory.support.AbstractBeanFactory.lambda$doGetBean$0(AbstractBeanFactory.java:339)
	at org.springframework.beans.factory.support.DefaultSingletonBeanRegistry.getSingleton(DefaultSingletonBeanRegistry.java:373)
	at org.springframework.beans.factory.support.AbstractBeanFactory.doGetBean(AbstractBeanFactory.java:337)
	at org.springframework.beans.factory.support.AbstractBeanFactory.getBean(AbstractBeanFactory.java:202)
	at org.springframework.beans.factory.support.DefaultListableBeanFactory.doResolveDependency(DefaultListableBeanFactory.java:1682)
	at org.springframework.beans.factory.support.DefaultListableBeanFactory.resolveDependency(DefaultListableBeanFactory.java:1628)
	at org.springframework.beans.factory.support.ConstructorResolver.resolveAutowiredArgument(ConstructorResolver.java:913)
	at org.springframework.beans.factory.support.ConstructorResolver.createArgumentArray(ConstructorResolver.java:791)
	... 66 common frames omitted
Caused by: org.springframework.beans.factory.BeanCreationException: Error creating bean with name 'userRepository' defined in com.enterprise.scheduler.user.UserRepository defined in @EnableJpaRepositories declared on JpaRepositoriesRegistrar.EnableJpaRepositoriesConfiguration: Cannot resolve reference to bean 'jpaSharedEM_entityManagerFactory' while setting bean property 'entityManager'
	at org.springframework.beans.factory.support.BeanDefinitionValueResolver.resolveReference(BeanDefinitionValueResolver.java:377)
	at org.springframework.beans.factory.support.BeanDefinitionValueResolver.resolveValueIfNecessary(BeanDefinitionValueResolver.java:135)
	at org.springframework.beans.factory.support.AbstractAutowireCapableBeanFactory.applyPropertyValues(AbstractAutowireCapableBeanFactory.java:1725)
	at org.springframework.beans.factory.support.AbstractAutowireCapableBeanFactory.populateBean(AbstractAutowireCapableBeanFactory.java:1474)
	at org.springframework.beans.factory.support.AbstractAutowireCapableBeanFactory.doCreateBean(AbstractAutowireCapableBeanFactory.java:606)
	at org.springframework.beans.factory.support.AbstractAutowireCapableBeanFactory.createBean(AbstractAutowireCapableBeanFactory.java:529)
	at org.springframework.beans.factory.support.AbstractBeanFactory.lambda$doGetBean$0(AbstractBeanFactory.java:339)
	at org.springframework.beans.factory.support.DefaultSingletonBeanRegistry.getSingleton(DefaultSingletonBeanRegistry.java:373)
	at org.springframework.beans.factory.support.AbstractBeanFactory.doGetBean(AbstractBeanFactory.java:337)
	at org.springframework.beans.factory.support.AbstractBeanFactory.getBean(AbstractBeanFactory.java:202)
	at org.springframework.beans.factory.support.DefaultListableBeanFactory.doResolveDependency(DefaultListableBeanFactory.java:1682)
	at org.springframework.beans.factory.support.DefaultListableBeanFactory.resolveDependency(DefaultListableBeanFactory.java:1628)
	at org.springframework.beans.factory.support.ConstructorResolver.resolveAutowiredArgument(ConstructorResolver.java:913)
	at org.springframework.beans.factory.support.ConstructorResolver.createArgumentArray(ConstructorResolver.java:791)
	... 79 common frames omitted
Caused by: org.springframework.beans.factory.BeanCreationException: Error creating bean with name 'jpaSharedEM_entityManagerFactory': Cannot resolve reference to bean 'entityManagerFactory' while setting constructor argument
	at org.springframework.beans.factory.support.BeanDefinitionValueResolver.resolveReference(BeanDefinitionValueResolver.java:377)
	at org.springframework.beans.factory.support.BeanDefinitionValueResolver.resolveValueIfNecessary(BeanDefinitionValueResolver.java:135)
	at org.springframework.beans.factory.support.ConstructorResolver.resolveConstructorArguments(ConstructorResolver.java:691)
	at org.springframework.beans.factory.support.ConstructorResolver.instantiateUsingFactoryMethod(ConstructorResolver.java:513)
	at org.springframework.beans.factory.support.AbstractAutowireCapableBeanFactory.instantiateUsingFactoryMethod(AbstractAutowireCapableBeanFactory.java:1375)
	at org.springframework.beans.factory.support.AbstractAutowireCapableBeanFactory.createBeanInstance(AbstractAutowireCapableBeanFactory.java:1205)
	at org.springframework.beans.factory.support.AbstractAutowireCapableBeanFactory.doCreateBean(AbstractAutowireCapableBeanFactory.java:569)
	at org.springframework.beans.factory.support.AbstractAutowireCapableBeanFactory.createBean(AbstractAutowireCapableBeanFactory.java:529)
	at org.springframework.beans.factory.support.AbstractBeanFactory.lambda$doGetBean$0(AbstractBeanFactory.java:339)
	at org.springframework.beans.factory.support.DefaultSingletonBeanRegistry.getSingleton(DefaultSingletonBeanRegistry.java:373)
	at org.springframework.beans.factory.support.AbstractBeanFactory.doGetBean(AbstractBeanFactory.java:337)
	at org.springframework.beans.factory.support.AbstractBeanFactory.getBean(AbstractBeanFactory.java:202)
	at org.springframework.beans.factory.support.BeanDefinitionValueResolver.resolveReference(BeanDefinitionValueResolver.java:365)
	... 92 common frames omitted
Caused by: org.springframework.beans.factory.BeanCreationException: Error creating bean with name 'flywayInitializer' defined in class path resource [org/springframework/boot/autoconfigure/flyway/FlywayAutoConfiguration$FlywayConfiguration.class]: Validate failed: Migrations have failed validation
Migration checksum mismatch for migration version 8
-> Applied to database : -442106271
-> Resolved locally    : 137166545
Either revert the changes to the migration, or run repair to update the schema history.
Need more flexibility with validation rules? Learn more: https://rd.gt/3AbJUZE
	at org.springframework.beans.factory.support.AbstractAutowireCapableBeanFactory.initializeBean(AbstractAutowireCapableBeanFactory.java:1826)
	at org.springframework.beans.factory.support.AbstractAutowireCapableBeanFactory.doCreateBean(AbstractAutowireCapableBeanFactory.java:607)
	at org.springframework.beans.factory.support.AbstractAutowireCapableBeanFactory.createBean(AbstractAutowireCapableBeanFactory.java:529)
	at org.springframework.beans.factory.support.AbstractBeanFactory.lambda$doGetBean$0(AbstractBeanFactory.java:339)
	at org.springframework.beans.factory.support.DefaultSingletonBeanRegistry.getSingleton(DefaultSingletonBeanRegistry.java:373)
	at org.springframework.beans.factory.support.AbstractBeanFactory.doGetBean(AbstractBeanFactory.java:337)
	at org.springframework.beans.factory.support.AbstractBeanFactory.getBean(AbstractBeanFactory.java:202)
	at org.springframework.beans.factory.support.AbstractBeanFactory.doGetBean(AbstractBeanFactory.java:315)
	at org.springframework.beans.factory.support.AbstractBeanFactory.getBean(AbstractBeanFactory.java:202)
	at org.springframework.beans.factory.support.BeanDefinitionValueResolver.resolveReference(BeanDefinitionValueResolver.java:365)
	... 104 common frames omitted
Caused by: org.flywaydb.core.api.exception.FlywayValidateException: Validate failed: Migrations have failed validation
Migration checksum mismatch for migration version 8
-> Applied to database : -442106271
-> Resolved locally    : 137166545
Either revert the changes to the migration, or run repair to update the schema history.
Need more flexibility with validation rules? Learn more: https://rd.gt/3AbJUZE
	at org.flywaydb.core.Flyway.lambda$migrate$1(Flyway.java:201)
	at org.flywaydb.core.FlywayExecutor.execute(FlywayExecutor.java:210)
	at org.flywaydb.core.Flyway.migrate(Flyway.java:188)
	at org.springframework.boot.autoconfigure.flyway.FlywayMigrationInitializer.afterPropertiesSet(FlywayMigrationInitializer.java:66)
	at org.springframework.beans.factory.support.AbstractAutowireCapableBeanFactory.invokeInitMethods(AbstractAutowireCapableBeanFactory.java:1873)
	at org.springframework.beans.factory.support.AbstractAutowireCapableBeanFactory.initializeBean(AbstractAutowireCapableBeanFactory.java:1822)
	... 113 common frames omitted
2026-07-11 17:51:03.640 [restartedMain] INFO  c.e.s.ScheduledMessagingApplication [traceId=] - Starting ScheduledMessagingApplication using Java 26 with PID 26544 (C:\Users\geeth\522\ReactCourse\scheduled-messaging-platform\backend\target\classes started by geeth in C:\Users\geeth\522\ReactCourse\scheduled-messaging-platform\backend)
2026-07-11 17:51:03.641 [restartedMain] DEBUG c.e.s.ScheduledMessagingApplication [traceId=] - Running with Spring Boot v3.5.0, Spring v6.2.7
2026-07-11 17:51:03.642 [restartedMain] INFO  c.e.s.ScheduledMessagingApplication [traceId=] - The following 1 profile is active: "dev"
2026-07-11 17:51:03.677 [restartedMain] INFO  o.s.b.d.e.DevToolsPropertyDefaultsPostProcessor [traceId=] - Devtools property defaults active! Set 'spring.devtools.add-properties' to 'false' to disable
2026-07-11 17:51:03.678 [restartedMain] INFO  o.s.b.d.e.DevToolsPropertyDefaultsPostProcessor [traceId=] - For additional web related logging consider setting the 'logging.level.web' property to 'DEBUG'
2026-07-11 17:51:04.584 [restartedMain] INFO  o.s.d.r.c.RepositoryConfigurationDelegate [traceId=] - Bootstrapping Spring Data JPA repositories in DEFAULT mode.
2026-07-11 17:51:04.648 [restartedMain] INFO  o.s.d.r.c.RepositoryConfigurationDelegate [traceId=] - Finished Spring Data repository scanning in 56 ms. Found 7 JPA repository interfaces.
2026-07-11 17:51:05.138 [restartedMain] INFO  o.s.b.w.e.tomcat.TomcatWebServer [traceId=] - Tomcat initialized with port 8080 (http)
2026-07-11 17:51:05.147 [restartedMain] INFO  o.a.catalina.core.StandardService [traceId=] - Starting service [Tomcat]
2026-07-11 17:51:05.147 [restartedMain] INFO  o.a.catalina.core.StandardEngine [traceId=] - Starting Servlet engine: [Apache Tomcat/10.1.41]
2026-07-11 17:51:05.185 [restartedMain] INFO  o.a.c.c.C.[Tomcat].[localhost].[/] [traceId=] - Initializing Spring embedded WebApplicationContext
2026-07-11 17:51:05.186 [restartedMain] INFO  o.s.b.w.s.c.ServletWebServerApplicationContext [traceId=] - Root WebApplicationContext: initialization completed in 1507 ms
2026-07-11 17:51:05.332 [restartedMain] INFO  c.e.scheduler.config.DatabaseConfig [traceId=] - Found database URL with embedded credentials. Parsing and converting to standard JDBC format...
2026-07-11 17:51:05.333 [restartedMain] INFO  c.e.scheduler.config.DatabaseConfig [traceId=] - Configuring HikariDataSource with auto-converted JDBC URL: jdbc:mysql://localhost:3306/scheduled_messaging
2026-07-11 17:51:05.340 [restartedMain] INFO  com.zaxxer.hikari.HikariDataSource [traceId=] - HikariPool-1 - Starting...
2026-07-11 17:51:05.579 [restartedMain] INFO  com.zaxxer.hikari.pool.HikariPool [traceId=] - HikariPool-1 - Added connection com.mysql.cj.jdbc.ConnectionImpl@1f54d3dc
2026-07-11 17:51:05.580 [restartedMain] INFO  com.zaxxer.hikari.HikariDataSource [traceId=] - HikariPool-1 - Start completed.
2026-07-11 17:51:05.723 [restartedMain] INFO  org.flywaydb.core.FlywayExecutor [traceId=] - Database: jdbc:mysql://localhost:3306/scheduled_messaging (MySQL 8.0)
2026-07-11 17:51:05.775 [restartedMain] ERROR o.s.b.w.e.tomcat.TomcatStarter [traceId=] - Error starting Tomcat context. Exception: org.springframework.beans.factory.UnsatisfiedDependencyException. Message: Error creating bean with name 'securityConfig' defined in file [C:\Users\geeth\522\ReactCourse\scheduled-messaging-platform\backend\target\classes\com\enterprise\scheduler\security\SecurityConfig.class]: Unsatisfied dependency expressed through constructor parameter 1: Error creating bean with name 'customUserDetailsService' defined in file [C:\Users\geeth\522\ReactCourse\scheduled-messaging-platform\backend\target\classes\com\enterprise\scheduler\auth\CustomUserDetailsService.class]: Unsatisfied dependency expressed through constructor parameter 0: Error creating bean with name 'userRepository' defined in com.enterprise.scheduler.user.UserRepository defined in @EnableJpaRepositories declared on JpaRepositoriesRegistrar.EnableJpaRepositoriesConfiguration: Cannot resolve reference to bean 'jpaSharedEM_entityManagerFactory' while setting bean property 'entityManager'
2026-07-11 17:51:05.790 [restartedMain] INFO  o.a.catalina.core.StandardService [traceId=] - Stopping service [Tomcat]
2026-07-11 17:51:05.792 [restartedMain] WARN  o.a.c.loader.WebappClassLoaderBase [traceId=] - The web application [ROOT] appears to have started a thread named [HikariPool-1:housekeeper] but has failed to stop it. This is very likely to create a memory leak. Stack trace of thread:
 java.base/jdk.internal.misc.Unsafe.park(Native Method)
 java.base/java.util.concurrent.locks.LockSupport.parkNanos(LockSupport.java:271)
 java.base/java.util.concurrent.locks.AbstractQueuedSynchronizer$ConditionObject.awaitNanos(AbstractQueuedSynchronizer.java:1803)
 java.base/java.util.concurrent.ScheduledThreadPoolExecutor$DelayedWorkQueue.take(ScheduledThreadPoolExecutor.java:1166)
 java.base/java.util.concurrent.ScheduledThreadPoolExecutor$DelayedWorkQueue.take(ScheduledThreadPoolExecutor.java:883)
 java.base/java.util.concurrent.ThreadPoolExecutor.getTask(ThreadPoolExecutor.java:1016)
 java.base/java.util.concurrent.ThreadPoolExecutor.runWorker(ThreadPoolExecutor.java:1076)
 java.base/java.util.concurrent.ThreadPoolExecutor$Worker.run(ThreadPoolExecutor.java:614)
 java.base/java.lang.Thread.run(Thread.java:1516)
2026-07-11 17:51:05.793 [restartedMain] WARN  o.a.c.loader.WebappClassLoaderBase [traceId=] - The web application [ROOT] appears to have started a thread named [HikariPool-1:connection-adder] but has failed to stop it. This is very likely to create a memory leak. Stack trace of thread:
 java.base/java.lang.Thread.sleepNanos0(Native Method)
 java.base/java.lang.Thread.sleepNanos(Thread.java:551)
 java.base/java.lang.Thread.sleep(Thread.java:582)
 com.zaxxer.hikari.util.UtilityElf.quietlySleep(UtilityElf.java:61)
 com.zaxxer.hikari.pool.HikariPool$PoolEntryCreator.call(HikariPool.java:752)
 com.zaxxer.hikari.pool.HikariPool$PoolEntryCreator.call(HikariPool.java:726)
 java.base/java.util.concurrent.FutureTask.run(FutureTask.java:330)
 java.base/java.util.concurrent.ThreadPoolExecutor.runWorker(ThreadPoolExecutor.java:1090)
 java.base/java.util.concurrent.ThreadPoolExecutor$Worker.run(ThreadPoolExecutor.java:614)
 java.base/java.lang.Thread.run(Thread.java:1516)
2026-07-11 17:51:05.794 [restartedMain] WARN  o.s.b.w.s.c.AnnotationConfigServletWebServerApplicationContext [traceId=] - Exception encountered during context initialization - cancelling refresh attempt: org.springframework.context.ApplicationContextException: Unable to start web server
2026-07-11 17:51:05.794 [restartedMain] INFO  com.zaxxer.hikari.HikariDataSource [traceId=] - HikariPool-1 - Shutdown initiated...
2026-07-11 17:51:05.818 [restartedMain] INFO  com.zaxxer.hikari.HikariDataSource [traceId=] - HikariPool-1 - Shutdown completed.
2026-07-11 17:51:05.827 [restartedMain] INFO  o.s.b.a.l.ConditionEvaluationReportLogger [traceId=] - 

Error starting ApplicationContext. To display the condition evaluation report re-run your application with 'debug' enabled.
2026-07-11 17:51:05.840 [restartedMain] ERROR o.s.boot.SpringApplication [traceId=] - Application run failed
org.springframework.context.ApplicationContextException: Unable to start web server
	at org.springframework.boot.web.servlet.context.ServletWebServerApplicationContext.onRefresh(ServletWebServerApplicationContext.java:170)
	at org.springframework.context.support.AbstractApplicationContext.refresh(AbstractApplicationContext.java:621)
	at org.springframework.boot.web.servlet.context.ServletWebServerApplicationContext.refresh(ServletWebServerApplicationContext.java:146)
	at org.springframework.boot.SpringApplication.refresh(SpringApplication.java:753)
	at org.springframework.boot.SpringApplication.refreshContext(SpringApplication.java:439)
	at org.springframework.boot.SpringApplication.run(SpringApplication.java:318)
	at org.springframework.boot.SpringApplication.run(SpringApplication.java:1362)
	at org.springframework.boot.SpringApplication.run(SpringApplication.java:1351)
	at com.enterprise.scheduler.ScheduledMessagingApplication.main(ScheduledMessagingApplication.java:11)
	at java.base/jdk.internal.reflect.DirectMethodHandleAccessor.invoke(DirectMethodHandleAccessor.java:104)
	at java.base/java.lang.reflect.Method.invoke(Method.java:565)
	at org.springframework.boot.devtools.restart.RestartLauncher.run(RestartLauncher.java:50)
Caused by: org.springframework.boot.web.server.WebServerException: Unable to start embedded Tomcat
	at org.springframework.boot.web.embedded.tomcat.TomcatWebServer.initialize(TomcatWebServer.java:147)
	at org.springframework.boot.web.embedded.tomcat.TomcatWebServer.<init>(TomcatWebServer.java:107)
	at org.springframework.boot.web.embedded.tomcat.TomcatServletWebServerFactory.getTomcatWebServer(TomcatServletWebServerFactory.java:517)
	at org.springframework.boot.web.embedded.tomcat.TomcatServletWebServerFactory.getWebServer(TomcatServletWebServerFactory.java:219)
	at org.springframework.boot.web.servlet.context.ServletWebServerApplicationContext.createWebServer(ServletWebServerApplicationContext.java:193)
	at org.springframework.boot.web.servlet.context.ServletWebServerApplicationContext.onRefresh(ServletWebServerApplicationContext.java:167)
	... 11 common frames omitted
Caused by: org.springframework.beans.factory.UnsatisfiedDependencyException: Error creating bean with name 'securityConfig' defined in file [C:\Users\geeth\522\ReactCourse\scheduled-messaging-platform\backend\target\classes\com\enterprise\scheduler\security\SecurityConfig.class]: Unsatisfied dependency expressed through constructor parameter 1: Error creating bean with name 'customUserDetailsService' defined in file [C:\Users\geeth\522\ReactCourse\scheduled-messaging-platform\backend\target\classes\com\enterprise\scheduler\auth\CustomUserDetailsService.class]: Unsatisfied dependency expressed through constructor parameter 0: Error creating bean with name 'userRepository' defined in com.enterprise.scheduler.user.UserRepository defined in @EnableJpaRepositories declared on JpaRepositoriesRegistrar.EnableJpaRepositoriesConfiguration: Cannot resolve reference to bean 'jpaSharedEM_entityManagerFactory' while setting bean property 'entityManager'
	at org.springframework.beans.factory.support.ConstructorResolver.createArgumentArray(ConstructorResolver.java:804)
	at org.springframework.beans.factory.support.ConstructorResolver.autowireConstructor(ConstructorResolver.java:240)
	at org.springframework.beans.factory.support.AbstractAutowireCapableBeanFactory.autowireConstructor(AbstractAutowireCapableBeanFactory.java:1395)
	at org.springframework.beans.factory.support.AbstractAutowireCapableBeanFactory.createBeanInstance(AbstractAutowireCapableBeanFactory.java:1232)
	at org.springframework.beans.factory.support.AbstractAutowireCapableBeanFactory.doCreateBean(AbstractAutowireCapableBeanFactory.java:569)
	at org.springframework.beans.factory.support.AbstractAutowireCapableBeanFactory.createBean(AbstractAutowireCapableBeanFactory.java:529)
	at org.springframework.beans.factory.support.AbstractBeanFactory.lambda$doGetBean$0(AbstractBeanFactory.java:339)
	at org.springframework.beans.factory.support.DefaultSingletonBeanRegistry.getSingleton(DefaultSingletonBeanRegistry.java:373)
	at org.springframework.beans.factory.support.AbstractBeanFactory.doGetBean(AbstractBeanFactory.java:337)
	at org.springframework.beans.factory.support.AbstractBeanFactory.getBean(AbstractBeanFactory.java:202)
	at org.springframework.beans.factory.support.ConstructorResolver.instantiateUsingFactoryMethod(ConstructorResolver.java:413)
	at org.springframework.beans.factory.support.AbstractAutowireCapableBeanFactory.instantiateUsingFactoryMethod(AbstractAutowireCapableBeanFactory.java:1375)
	at org.springframework.beans.factory.support.AbstractAutowireCapableBeanFactory.createBeanInstance(AbstractAutowireCapableBeanFactory.java:1205)
	at org.springframework.beans.factory.support.AbstractAutowireCapableBeanFactory.doCreateBean(AbstractAutowireCapableBeanFactory.java:569)
	at org.springframework.beans.factory.support.AbstractAutowireCapableBeanFactory.createBean(AbstractAutowireCapableBeanFactory.java:529)
	at org.springframework.beans.factory.support.AbstractBeanFactory.lambda$doGetBean$0(AbstractBeanFactory.java:339)
	at org.springframework.beans.factory.support.DefaultSingletonBeanRegistry.getSingleton(DefaultSingletonBeanRegistry.java:373)
	at org.springframework.beans.factory.support.AbstractBeanFactory.doGetBean(AbstractBeanFactory.java:337)
	at org.springframework.beans.factory.support.AbstractBeanFactory.getBean(AbstractBeanFactory.java:207)
	at org.springframework.boot.web.servlet.ServletContextInitializerBeans.getOrderedBeansOfType(ServletContextInitializerBeans.java:230)
	at org.springframework.boot.web.servlet.ServletContextInitializerBeans.addAsRegistrationBean(ServletContextInitializerBeans.java:184)
	at org.springframework.boot.web.servlet.ServletContextInitializerBeans.addAsRegistrationBean(ServletContextInitializerBeans.java:179)
	at org.springframework.boot.web.servlet.ServletContextInitializerBeans.addAdaptableBeans(ServletContextInitializerBeans.java:164)
	at org.springframework.boot.web.servlet.ServletContextInitializerBeans.<init>(ServletContextInitializerBeans.java:96)
	at org.springframework.boot.web.servlet.context.ServletWebServerApplicationContext.getServletContextInitializerBeans(ServletWebServerApplicationContext.java:271)
	at org.springframework.boot.web.servlet.context.ServletWebServerApplicationContext.selfInitialize(ServletWebServerApplicationContext.java:245)
	at org.springframework.boot.web.embedded.tomcat.TomcatStarter.onStartup(TomcatStarter.java:52)
	at org.apache.catalina.core.StandardContext.startInternal(StandardContext.java:4464)
	at org.apache.catalina.util.LifecycleBase.start(LifecycleBase.java:164)
	at org.apache.catalina.core.ContainerBase$StartChild.call(ContainerBase.java:1203)
	at org.apache.catalina.core.ContainerBase$StartChild.call(ContainerBase.java:1193)
	at java.base/java.util.concurrent.FutureTask.run(FutureTask.java:330)
	at org.apache.tomcat.util.threads.InlineExecutorService.execute(InlineExecutorService.java:75)
	at java.base/java.util.concurrent.AbstractExecutorService.submit(AbstractExecutorService.java:149)
	at org.apache.catalina.core.ContainerBase.startInternal(ContainerBase.java:749)
	at org.apache.catalina.core.StandardHost.startInternal(StandardHost.java:772)
	at org.apache.catalina.util.LifecycleBase.start(LifecycleBase.java:164)
	at org.apache.catalina.core.ContainerBase$StartChild.call(ContainerBase.java:1203)
	at org.apache.catalina.core.ContainerBase$StartChild.call(ContainerBase.java:1193)
	at java.base/java.util.concurrent.FutureTask.run(FutureTask.java:330)
	at org.apache.tomcat.util.threads.InlineExecutorService.execute(InlineExecutorService.java:75)
	at java.base/java.util.concurrent.AbstractExecutorService.submit(AbstractExecutorService.java:149)
	at org.apache.catalina.core.ContainerBase.startInternal(ContainerBase.java:749)
	at org.apache.catalina.core.StandardEngine.startInternal(StandardEngine.java:203)
	at org.apache.catalina.util.LifecycleBase.start(LifecycleBase.java:164)
	at org.apache.catalina.core.StandardService.startInternal(StandardService.java:412)
	at org.apache.catalina.util.LifecycleBase.start(LifecycleBase.java:164)
	at org.apache.catalina.core.StandardServer.startInternal(StandardServer.java:870)
	at org.apache.catalina.util.LifecycleBase.start(LifecycleBase.java:164)
	at org.apache.catalina.startup.Tomcat.start(Tomcat.java:438)
	at org.springframework.boot.web.embedded.tomcat.TomcatWebServer.initialize(TomcatWebServer.java:128)
	... 16 common frames omitted
Caused by: org.springframework.beans.factory.UnsatisfiedDependencyException: Error creating bean with name 'customUserDetailsService' defined in file [C:\Users\geeth\522\ReactCourse\scheduled-messaging-platform\backend\target\classes\com\enterprise\scheduler\auth\CustomUserDetailsService.class]: Unsatisfied dependency expressed through constructor parameter 0: Error creating bean with name 'userRepository' defined in com.enterprise.scheduler.user.UserRepository defined in @EnableJpaRepositories declared on JpaRepositoriesRegistrar.EnableJpaRepositoriesConfiguration: Cannot resolve reference to bean 'jpaSharedEM_entityManagerFactory' while setting bean property 'entityManager'
	at org.springframework.beans.factory.support.ConstructorResolver.createArgumentArray(ConstructorResolver.java:804)
	at org.springframework.beans.factory.support.ConstructorResolver.autowireConstructor(ConstructorResolver.java:240)
	at org.springframework.beans.factory.support.AbstractAutowireCapableBeanFactory.autowireConstructor(AbstractAutowireCapableBeanFactory.java:1395)
	at org.springframework.beans.factory.support.AbstractAutowireCapableBeanFactory.createBeanInstance(AbstractAutowireCapableBeanFactory.java:1232)
	at org.springframework.beans.factory.support.AbstractAutowireCapableBeanFactory.doCreateBean(AbstractAutowireCapableBeanFactory.java:569)
	at org.springframework.beans.factory.support.AbstractAutowireCapableBeanFactory.createBean(AbstractAutowireCapableBeanFactory.java:529)
	at org.springframework.beans.factory.support.AbstractBeanFactory.lambda$doGetBean$0(AbstractBeanFactory.java:339)
	at org.springframework.beans.factory.support.DefaultSingletonBeanRegistry.getSingleton(DefaultSingletonBeanRegistry.java:373)
	at org.springframework.beans.factory.support.AbstractBeanFactory.doGetBean(AbstractBeanFactory.java:337)
	at org.springframework.beans.factory.support.AbstractBeanFactory.getBean(AbstractBeanFactory.java:202)
	at org.springframework.beans.factory.support.DefaultListableBeanFactory.doResolveDependency(DefaultListableBeanFactory.java:1682)
	at org.springframework.beans.factory.support.DefaultListableBeanFactory.resolveDependency(DefaultListableBeanFactory.java:1628)
	at org.springframework.beans.factory.support.ConstructorResolver.resolveAutowiredArgument(ConstructorResolver.java:913)
	at org.springframework.beans.factory.support.ConstructorResolver.createArgumentArray(ConstructorResolver.java:791)
	... 66 common frames omitted
Caused by: org.springframework.beans.factory.BeanCreationException: Error creating bean with name 'userRepository' defined in com.enterprise.scheduler.user.UserRepository defined in @EnableJpaRepositories declared on JpaRepositoriesRegistrar.EnableJpaRepositoriesConfiguration: Cannot resolve reference to bean 'jpaSharedEM_entityManagerFactory' while setting bean property 'entityManager'
	at org.springframework.beans.factory.support.BeanDefinitionValueResolver.resolveReference(BeanDefinitionValueResolver.java:377)
	at org.springframework.beans.factory.support.BeanDefinitionValueResolver.resolveValueIfNecessary(BeanDefinitionValueResolver.java:135)
	at org.springframework.beans.factory.support.AbstractAutowireCapableBeanFactory.applyPropertyValues(AbstractAutowireCapableBeanFactory.java:1725)
	at org.springframework.beans.factory.support.AbstractAutowireCapableBeanFactory.populateBean(AbstractAutowireCapableBeanFactory.java:1474)
	at org.springframework.beans.factory.support.AbstractAutowireCapableBeanFactory.doCreateBean(AbstractAutowireCapableBeanFactory.java:606)
	at org.springframework.beans.factory.support.AbstractAutowireCapableBeanFactory.createBean(AbstractAutowireCapableBeanFactory.java:529)
	at org.springframework.beans.factory.support.AbstractBeanFactory.lambda$doGetBean$0(AbstractBeanFactory.java:339)
	at org.springframework.beans.factory.support.DefaultSingletonBeanRegistry.getSingleton(DefaultSingletonBeanRegistry.java:373)
	at org.springframework.beans.factory.support.AbstractBeanFactory.doGetBean(AbstractBeanFactory.java:337)
	at org.springframework.beans.factory.support.AbstractBeanFactory.getBean(AbstractBeanFactory.java:202)
	at org.springframework.beans.factory.support.DefaultListableBeanFactory.doResolveDependency(DefaultListableBeanFactory.java:1682)
	at org.springframework.beans.factory.support.DefaultListableBeanFactory.resolveDependency(DefaultListableBeanFactory.java:1628)
	at org.springframework.beans.factory.support.ConstructorResolver.resolveAutowiredArgument(ConstructorResolver.java:913)
	at org.springframework.beans.factory.support.ConstructorResolver.createArgumentArray(ConstructorResolver.java:791)
	... 79 common frames omitted
Caused by: org.springframework.beans.factory.BeanCreationException: Error creating bean with name 'jpaSharedEM_entityManagerFactory': Cannot resolve reference to bean 'entityManagerFactory' while setting constructor argument
	at org.springframework.beans.factory.support.BeanDefinitionValueResolver.resolveReference(BeanDefinitionValueResolver.java:377)
	at org.springframework.beans.factory.support.BeanDefinitionValueResolver.resolveValueIfNecessary(BeanDefinitionValueResolver.java:135)
	at org.springframework.beans.factory.support.ConstructorResolver.resolveConstructorArguments(ConstructorResolver.java:691)
	at org.springframework.beans.factory.support.ConstructorResolver.instantiateUsingFactoryMethod(ConstructorResolver.java:513)
	at org.springframework.beans.factory.support.AbstractAutowireCapableBeanFactory.instantiateUsingFactoryMethod(AbstractAutowireCapableBeanFactory.java:1375)
	at org.springframework.beans.factory.support.AbstractAutowireCapableBeanFactory.createBeanInstance(AbstractAutowireCapableBeanFactory.java:1205)
	at org.springframework.beans.factory.support.AbstractAutowireCapableBeanFactory.doCreateBean(AbstractAutowireCapableBeanFactory.java:569)
	at org.springframework.beans.factory.support.AbstractAutowireCapableBeanFactory.createBean(AbstractAutowireCapableBeanFactory.java:529)
	at org.springframework.beans.factory.support.AbstractBeanFactory.lambda$doGetBean$0(AbstractBeanFactory.java:339)
	at org.springframework.beans.factory.support.DefaultSingletonBeanRegistry.getSingleton(DefaultSingletonBeanRegistry.java:373)
	at org.springframework.beans.factory.support.AbstractBeanFactory.doGetBean(AbstractBeanFactory.java:337)
	at org.springframework.beans.factory.support.AbstractBeanFactory.getBean(AbstractBeanFactory.java:202)
	at org.springframework.beans.factory.support.BeanDefinitionValueResolver.resolveReference(BeanDefinitionValueResolver.java:365)
	... 92 common frames omitted
Caused by: org.springframework.beans.factory.BeanCreationException: Error creating bean with name 'flywayInitializer' defined in class path resource [org/springframework/boot/autoconfigure/flyway/FlywayAutoConfiguration$FlywayConfiguration.class]: Validate failed: Migrations have failed validation
Migration checksum mismatch for migration version 8
-> Applied to database : -442106271
-> Resolved locally    : 137166545
Either revert the changes to the migration, or run repair to update the schema history.
Need more flexibility with validation rules? Learn more: https://rd.gt/3AbJUZE
	at org.springframework.beans.factory.support.AbstractAutowireCapableBeanFactory.initializeBean(AbstractAutowireCapableBeanFactory.java:1826)
	at org.springframework.beans.factory.support.AbstractAutowireCapableBeanFactory.doCreateBean(AbstractAutowireCapableBeanFactory.java:607)
	at org.springframework.beans.factory.support.AbstractAutowireCapableBeanFactory.createBean(AbstractAutowireCapableBeanFactory.java:529)
	at org.springframework.beans.factory.support.AbstractBeanFactory.lambda$doGetBean$0(AbstractBeanFactory.java:339)
	at org.springframework.beans.factory.support.DefaultSingletonBeanRegistry.getSingleton(DefaultSingletonBeanRegistry.java:373)
	at org.springframework.beans.factory.support.AbstractBeanFactory.doGetBean(AbstractBeanFactory.java:337)
	at org.springframework.beans.factory.support.AbstractBeanFactory.getBean(AbstractBeanFactory.java:202)
	at org.springframework.beans.factory.support.AbstractBeanFactory.doGetBean(AbstractBeanFactory.java:315)
	at org.springframework.beans.factory.support.AbstractBeanFactory.getBean(AbstractBeanFactory.java:202)
	at org.springframework.beans.factory.support.BeanDefinitionValueResolver.resolveReference(BeanDefinitionValueResolver.java:365)
	... 104 common frames omitted
Caused by: org.flywaydb.core.api.exception.FlywayValidateException: Validate failed: Migrations have failed validation
Migration checksum mismatch for migration version 8
-> Applied to database : -442106271
-> Resolved locally    : 137166545
Either revert the changes to the migration, or run repair to update the schema history.
Need more flexibility with validation rules? Learn more: https://rd.gt/3AbJUZE
	at org.flywaydb.core.Flyway.lambda$migrate$1(Flyway.java:201)
	at org.flywaydb.core.FlywayExecutor.execute(FlywayExecutor.java:210)
	at org.flywaydb.core.Flyway.migrate(Flyway.java:188)
	at org.springframework.boot.autoconfigure.flyway.FlywayMigrationInitializer.afterPropertiesSet(FlywayMigrationInitializer.java:66)
	at org.springframework.beans.factory.support.AbstractAutowireCapableBeanFactory.invokeInitMethods(AbstractAutowireCapableBeanFactory.java:1873)
	at org.springframework.beans.factory.support.AbstractAutowireCapableBeanFactory.initializeBean(AbstractAutowireCapableBeanFactory.java:1822)
	... 113 common frames omitted
2026-07-11 17:52:36.932 [restartedMain] INFO  c.e.s.ScheduledMessagingApplication [traceId=] - Starting ScheduledMessagingApplication using Java 26 with PID 38080 (C:\Users\geeth\522\ReactCourse\scheduled-messaging-platform\backend\target\classes started by geeth in C:\Users\geeth\522\ReactCourse\scheduled-messaging-platform\backend)
2026-07-11 17:52:36.934 [restartedMain] DEBUG c.e.s.ScheduledMessagingApplication [traceId=] - Running with Spring Boot v3.5.0, Spring v6.2.7
2026-07-11 17:52:36.934 [restartedMain] INFO  c.e.s.ScheduledMessagingApplication [traceId=] - The following 1 profile is active: "dev"
2026-07-11 17:52:36.979 [restartedMain] INFO  o.s.b.d.e.DevToolsPropertyDefaultsPostProcessor [traceId=] - Devtools property defaults active! Set 'spring.devtools.add-properties' to 'false' to disable
2026-07-11 17:52:36.979 [restartedMain] INFO  o.s.b.d.e.DevToolsPropertyDefaultsPostProcessor [traceId=] - For additional web related logging consider setting the 'logging.level.web' property to 'DEBUG'
2026-07-11 17:52:37.884 [restartedMain] INFO  o.s.d.r.c.RepositoryConfigurationDelegate [traceId=] - Bootstrapping Spring Data JPA repositories in DEFAULT mode.
2026-07-11 17:52:37.947 [restartedMain] INFO  o.s.d.r.c.RepositoryConfigurationDelegate [traceId=] - Finished Spring Data repository scanning in 56 ms. Found 7 JPA repository interfaces.
2026-07-11 17:52:38.456 [restartedMain] INFO  o.s.b.w.e.tomcat.TomcatWebServer [traceId=] - Tomcat initialized with port 8080 (http)
2026-07-11 17:52:38.465 [restartedMain] INFO  o.a.catalina.core.StandardService [traceId=] - Starting service [Tomcat]
2026-07-11 17:52:38.466 [restartedMain] INFO  o.a.catalina.core.StandardEngine [traceId=] - Starting Servlet engine: [Apache Tomcat/10.1.41]
2026-07-11 17:52:38.505 [restartedMain] INFO  o.a.c.c.C.[Tomcat].[localhost].[/] [traceId=] - Initializing Spring embedded WebApplicationContext
2026-07-11 17:52:38.505 [restartedMain] INFO  o.s.b.w.s.c.ServletWebServerApplicationContext [traceId=] - Root WebApplicationContext: initialization completed in 1526 ms
2026-07-11 17:52:38.658 [restartedMain] INFO  c.e.scheduler.config.DatabaseConfig [traceId=] - Found database URL with embedded credentials. Parsing and converting to standard JDBC format...
2026-07-11 17:52:38.659 [restartedMain] INFO  c.e.scheduler.config.DatabaseConfig [traceId=] - Configuring HikariDataSource with auto-converted JDBC URL: jdbc:mysql://localhost:3306/scheduled_messaging
2026-07-11 17:52:38.667 [restartedMain] INFO  com.zaxxer.hikari.HikariDataSource [traceId=] - HikariPool-1 - Starting...
2026-07-11 17:52:38.916 [restartedMain] INFO  com.zaxxer.hikari.pool.HikariPool [traceId=] - HikariPool-1 - Added connection com.mysql.cj.jdbc.ConnectionImpl@5d4eedcd
2026-07-11 17:52:38.917 [restartedMain] INFO  com.zaxxer.hikari.HikariDataSource [traceId=] - HikariPool-1 - Start completed.
2026-07-11 17:52:39.059 [restartedMain] INFO  org.flywaydb.core.FlywayExecutor [traceId=] - Database: jdbc:mysql://localhost:3306/scheduled_messaging (MySQL 8.0)
2026-07-11 17:52:39.087 [restartedMain] ERROR o.s.b.w.e.tomcat.TomcatStarter [traceId=] - Error starting Tomcat context. Exception: org.springframework.beans.factory.UnsatisfiedDependencyException. Message: Error creating bean with name 'securityConfig' defined in file [C:\Users\geeth\522\ReactCourse\scheduled-messaging-platform\backend\target\classes\com\enterprise\scheduler\security\SecurityConfig.class]: Unsatisfied dependency expressed through constructor parameter 1: Error creating bean with name 'customUserDetailsService' defined in file [C:\Users\geeth\522\ReactCourse\scheduled-messaging-platform\backend\target\classes\com\enterprise\scheduler\auth\CustomUserDetailsService.class]: Unsatisfied dependency expressed through constructor parameter 0: Error creating bean with name 'userRepository' defined in com.enterprise.scheduler.user.UserRepository defined in @EnableJpaRepositories declared on JpaRepositoriesRegistrar.EnableJpaRepositoriesConfiguration: Cannot resolve reference to bean 'jpaSharedEM_entityManagerFactory' while setting bean property 'entityManager'
2026-07-11 17:52:39.103 [restartedMain] INFO  o.a.catalina.core.StandardService [traceId=] - Stopping service [Tomcat]
2026-07-11 17:52:39.105 [restartedMain] WARN  o.a.c.loader.WebappClassLoaderBase [traceId=] - The web application [ROOT] appears to have started a thread named [HikariPool-1:housekeeper] but has failed to stop it. This is very likely to create a memory leak. Stack trace of thread:
 java.base/jdk.internal.misc.Unsafe.park(Native Method)
 java.base/java.util.concurrent.locks.LockSupport.parkNanos(LockSupport.java:271)
 java.base/java.util.concurrent.locks.AbstractQueuedSynchronizer$ConditionObject.awaitNanos(AbstractQueuedSynchronizer.java:1803)
 java.base/java.util.concurrent.ScheduledThreadPoolExecutor$DelayedWorkQueue.take(ScheduledThreadPoolExecutor.java:1166)
 java.base/java.util.concurrent.ScheduledThreadPoolExecutor$DelayedWorkQueue.take(ScheduledThreadPoolExecutor.java:883)
 java.base/java.util.concurrent.ThreadPoolExecutor.getTask(ThreadPoolExecutor.java:1016)
 java.base/java.util.concurrent.ThreadPoolExecutor.runWorker(ThreadPoolExecutor.java:1076)
 java.base/java.util.concurrent.ThreadPoolExecutor$Worker.run(ThreadPoolExecutor.java:614)
 java.base/java.lang.Thread.run(Thread.java:1516)
2026-07-11 17:52:39.105 [restartedMain] WARN  o.a.c.loader.WebappClassLoaderBase [traceId=] - The web application [ROOT] appears to have started a thread named [HikariPool-1:connection-adder] but has failed to stop it. This is very likely to create a memory leak. Stack trace of thread:
 java.base/java.lang.Thread.sleepNanos0(Native Method)
 java.base/java.lang.Thread.sleepNanos(Thread.java:551)
 java.base/java.lang.Thread.sleep(Thread.java:582)
 com.zaxxer.hikari.util.UtilityElf.quietlySleep(UtilityElf.java:61)
 com.zaxxer.hikari.pool.HikariPool$PoolEntryCreator.call(HikariPool.java:752)
 com.zaxxer.hikari.pool.HikariPool$PoolEntryCreator.call(HikariPool.java:726)
 java.base/java.util.concurrent.FutureTask.run(FutureTask.java:330)
 java.base/java.util.concurrent.ThreadPoolExecutor.runWorker(ThreadPoolExecutor.java:1090)
 java.base/java.util.concurrent.ThreadPoolExecutor$Worker.run(ThreadPoolExecutor.java:614)
 java.base/java.lang.Thread.run(Thread.java:1516)
2026-07-11 17:52:39.107 [restartedMain] WARN  o.s.b.w.s.c.AnnotationConfigServletWebServerApplicationContext [traceId=] - Exception encountered during context initialization - cancelling refresh attempt: org.springframework.context.ApplicationContextException: Unable to start web server
2026-07-11 17:52:39.107 [restartedMain] INFO  com.zaxxer.hikari.HikariDataSource [traceId=] - HikariPool-1 - Shutdown initiated...
2026-07-11 17:52:39.113 [restartedMain] INFO  com.zaxxer.hikari.HikariDataSource [traceId=] - HikariPool-1 - Shutdown completed.
2026-07-11 17:52:39.123 [restartedMain] INFO  o.s.b.a.l.ConditionEvaluationReportLogger [traceId=] - 

Error starting ApplicationContext. To display the condition evaluation report re-run your application with 'debug' enabled.
2026-07-11 17:52:39.138 [restartedMain] ERROR o.s.boot.SpringApplication [traceId=] - Application run failed
org.springframework.context.ApplicationContextException: Unable to start web server
	at org.springframework.boot.web.servlet.context.ServletWebServerApplicationContext.onRefresh(ServletWebServerApplicationContext.java:170)
	at org.springframework.context.support.AbstractApplicationContext.refresh(AbstractApplicationContext.java:621)
	at org.springframework.boot.web.servlet.context.ServletWebServerApplicationContext.refresh(ServletWebServerApplicationContext.java:146)
	at org.springframework.boot.SpringApplication.refresh(SpringApplication.java:753)
	at org.springframework.boot.SpringApplication.refreshContext(SpringApplication.java:439)
	at org.springframework.boot.SpringApplication.run(SpringApplication.java:318)
	at org.springframework.boot.SpringApplication.run(SpringApplication.java:1362)
	at org.springframework.boot.SpringApplication.run(SpringApplication.java:1351)
	at com.enterprise.scheduler.ScheduledMessagingApplication.main(ScheduledMessagingApplication.java:11)
	at java.base/jdk.internal.reflect.DirectMethodHandleAccessor.invoke(DirectMethodHandleAccessor.java:104)
	at java.base/java.lang.reflect.Method.invoke(Method.java:565)
	at org.springframework.boot.devtools.restart.RestartLauncher.run(RestartLauncher.java:50)
Caused by: org.springframework.boot.web.server.WebServerException: Unable to start embedded Tomcat
	at org.springframework.boot.web.embedded.tomcat.TomcatWebServer.initialize(TomcatWebServer.java:147)
	at org.springframework.boot.web.embedded.tomcat.TomcatWebServer.<init>(TomcatWebServer.java:107)
	at org.springframework.boot.web.embedded.tomcat.TomcatServletWebServerFactory.getTomcatWebServer(TomcatServletWebServerFactory.java:517)
	at org.springframework.boot.web.embedded.tomcat.TomcatServletWebServerFactory.getWebServer(TomcatServletWebServerFactory.java:219)
	at org.springframework.boot.web.servlet.context.ServletWebServerApplicationContext.createWebServer(ServletWebServerApplicationContext.java:193)
	at org.springframework.boot.web.servlet.context.ServletWebServerApplicationContext.onRefresh(ServletWebServerApplicationContext.java:167)
	... 11 common frames omitted
Caused by: org.springframework.beans.factory.UnsatisfiedDependencyException: Error creating bean with name 'securityConfig' defined in file [C:\Users\geeth\522\ReactCourse\scheduled-messaging-platform\backend\target\classes\com\enterprise\scheduler\security\SecurityConfig.class]: Unsatisfied dependency expressed through constructor parameter 1: Error creating bean with name 'customUserDetailsService' defined in file [C:\Users\geeth\522\ReactCourse\scheduled-messaging-platform\backend\target\classes\com\enterprise\scheduler\auth\CustomUserDetailsService.class]: Unsatisfied dependency expressed through constructor parameter 0: Error creating bean with name 'userRepository' defined in com.enterprise.scheduler.user.UserRepository defined in @EnableJpaRepositories declared on JpaRepositoriesRegistrar.EnableJpaRepositoriesConfiguration: Cannot resolve reference to bean 'jpaSharedEM_entityManagerFactory' while setting bean property 'entityManager'
	at org.springframework.beans.factory.support.ConstructorResolver.createArgumentArray(ConstructorResolver.java:804)
	at org.springframework.beans.factory.support.ConstructorResolver.autowireConstructor(ConstructorResolver.java:240)
	at org.springframework.beans.factory.support.AbstractAutowireCapableBeanFactory.autowireConstructor(AbstractAutowireCapableBeanFactory.java:1395)
	at org.springframework.beans.factory.support.AbstractAutowireCapableBeanFactory.createBeanInstance(AbstractAutowireCapableBeanFactory.java:1232)
	at org.springframework.beans.factory.support.AbstractAutowireCapableBeanFactory.doCreateBean(AbstractAutowireCapableBeanFactory.java:569)
	at org.springframework.beans.factory.support.AbstractAutowireCapableBeanFactory.createBean(AbstractAutowireCapableBeanFactory.java:529)
	at org.springframework.beans.factory.support.AbstractBeanFactory.lambda$doGetBean$0(AbstractBeanFactory.java:339)
	at org.springframework.beans.factory.support.DefaultSingletonBeanRegistry.getSingleton(DefaultSingletonBeanRegistry.java:373)
	at org.springframework.beans.factory.support.AbstractBeanFactory.doGetBean(AbstractBeanFactory.java:337)
	at org.springframework.beans.factory.support.AbstractBeanFactory.getBean(AbstractBeanFactory.java:202)
	at org.springframework.beans.factory.support.ConstructorResolver.instantiateUsingFactoryMethod(ConstructorResolver.java:413)
	at org.springframework.beans.factory.support.AbstractAutowireCapableBeanFactory.instantiateUsingFactoryMethod(AbstractAutowireCapableBeanFactory.java:1375)
	at org.springframework.beans.factory.support.AbstractAutowireCapableBeanFactory.createBeanInstance(AbstractAutowireCapableBeanFactory.java:1205)
	at org.springframework.beans.factory.support.AbstractAutowireCapableBeanFactory.doCreateBean(AbstractAutowireCapableBeanFactory.java:569)
	at org.springframework.beans.factory.support.AbstractAutowireCapableBeanFactory.createBean(AbstractAutowireCapableBeanFactory.java:529)
	at org.springframework.beans.factory.support.AbstractBeanFactory.lambda$doGetBean$0(AbstractBeanFactory.java:339)
	at org.springframework.beans.factory.support.DefaultSingletonBeanRegistry.getSingleton(DefaultSingletonBeanRegistry.java:373)
	at org.springframework.beans.factory.support.AbstractBeanFactory.doGetBean(AbstractBeanFactory.java:337)
	at org.springframework.beans.factory.support.AbstractBeanFactory.getBean(AbstractBeanFactory.java:207)
	at org.springframework.boot.web.servlet.ServletContextInitializerBeans.getOrderedBeansOfType(ServletContextInitializerBeans.java:230)
	at org.springframework.boot.web.servlet.ServletContextInitializerBeans.addAsRegistrationBean(ServletContextInitializerBeans.java:184)
	at org.springframework.boot.web.servlet.ServletContextInitializerBeans.addAsRegistrationBean(ServletContextInitializerBeans.java:179)
	at org.springframework.boot.web.servlet.ServletContextInitializerBeans.addAdaptableBeans(ServletContextInitializerBeans.java:164)
	at org.springframework.boot.web.servlet.ServletContextInitializerBeans.<init>(ServletContextInitializerBeans.java:96)
	at org.springframework.boot.web.servlet.context.ServletWebServerApplicationContext.getServletContextInitializerBeans(ServletWebServerApplicationContext.java:271)
	at org.springframework.boot.web.servlet.context.ServletWebServerApplicationContext.selfInitialize(ServletWebServerApplicationContext.java:245)
	at org.springframework.boot.web.embedded.tomcat.TomcatStarter.onStartup(TomcatStarter.java:52)
	at org.apache.catalina.core.StandardContext.startInternal(StandardContext.java:4464)
	at org.apache.catalina.util.LifecycleBase.start(LifecycleBase.java:164)
	at org.apache.catalina.core.ContainerBase$StartChild.call(ContainerBase.java:1203)
	at org.apache.catalina.core.ContainerBase$StartChild.call(ContainerBase.java:1193)
	at java.base/java.util.concurrent.FutureTask.run(FutureTask.java:330)
	at org.apache.tomcat.util.threads.InlineExecutorService.execute(InlineExecutorService.java:75)
	at java.base/java.util.concurrent.AbstractExecutorService.submit(AbstractExecutorService.java:149)
	at org.apache.catalina.core.ContainerBase.startInternal(ContainerBase.java:749)
	at org.apache.catalina.core.StandardHost.startInternal(StandardHost.java:772)
	at org.apache.catalina.util.LifecycleBase.start(LifecycleBase.java:164)
	at org.apache.catalina.core.ContainerBase$StartChild.call(ContainerBase.java:1203)
	at org.apache.catalina.core.ContainerBase$StartChild.call(ContainerBase.java:1193)
	at java.base/java.util.concurrent.FutureTask.run(FutureTask.java:330)
	at org.apache.tomcat.util.threads.InlineExecutorService.execute(InlineExecutorService.java:75)
	at java.base/java.util.concurrent.AbstractExecutorService.submit(AbstractExecutorService.java:149)
	at org.apache.catalina.core.ContainerBase.startInternal(ContainerBase.java:749)
	at org.apache.catalina.core.StandardEngine.startInternal(StandardEngine.java:203)
	at org.apache.catalina.util.LifecycleBase.start(LifecycleBase.java:164)
	at org.apache.catalina.core.StandardService.startInternal(StandardService.java:412)
	at org.apache.catalina.util.LifecycleBase.start(LifecycleBase.java:164)
	at org.apache.catalina.core.StandardServer.startInternal(StandardServer.java:870)
	at org.apache.catalina.util.LifecycleBase.start(LifecycleBase.java:164)
	at org.apache.catalina.startup.Tomcat.start(Tomcat.java:438)
	at org.springframework.boot.web.embedded.tomcat.TomcatWebServer.initialize(TomcatWebServer.java:128)
	... 16 common frames omitted
Caused by: org.springframework.beans.factory.UnsatisfiedDependencyException: Error creating bean with name 'customUserDetailsService' defined in file [C:\Users\geeth\522\ReactCourse\scheduled-messaging-platform\backend\target\classes\com\enterprise\scheduler\auth\CustomUserDetailsService.class]: Unsatisfied dependency expressed through constructor parameter 0: Error creating bean with name 'userRepository' defined in com.enterprise.scheduler.user.UserRepository defined in @EnableJpaRepositories declared on JpaRepositoriesRegistrar.EnableJpaRepositoriesConfiguration: Cannot resolve reference to bean 'jpaSharedEM_entityManagerFactory' while setting bean property 'entityManager'
	at org.springframework.beans.factory.support.ConstructorResolver.createArgumentArray(ConstructorResolver.java:804)
	at org.springframework.beans.factory.support.ConstructorResolver.autowireConstructor(ConstructorResolver.java:240)
	at org.springframework.beans.factory.support.AbstractAutowireCapableBeanFactory.autowireConstructor(AbstractAutowireCapableBeanFactory.java:1395)
	at org.springframework.beans.factory.support.AbstractAutowireCapableBeanFactory.createBeanInstance(AbstractAutowireCapableBeanFactory.java:1232)
	at org.springframework.beans.factory.support.AbstractAutowireCapableBeanFactory.doCreateBean(AbstractAutowireCapableBeanFactory.java:569)
	at org.springframework.beans.factory.support.AbstractAutowireCapableBeanFactory.createBean(AbstractAutowireCapableBeanFactory.java:529)
	at org.springframework.beans.factory.support.AbstractBeanFactory.lambda$doGetBean$0(AbstractBeanFactory.java:339)
	at org.springframework.beans.factory.support.DefaultSingletonBeanRegistry.getSingleton(DefaultSingletonBeanRegistry.java:373)
	at org.springframework.beans.factory.support.AbstractBeanFactory.doGetBean(AbstractBeanFactory.java:337)
	at org.springframework.beans.factory.support.AbstractBeanFactory.getBean(AbstractBeanFactory.java:202)
	at org.springframework.beans.factory.support.DefaultListableBeanFactory.doResolveDependency(DefaultListableBeanFactory.java:1682)
	at org.springframework.beans.factory.support.DefaultListableBeanFactory.resolveDependency(DefaultListableBeanFactory.java:1628)
	at org.springframework.beans.factory.support.ConstructorResolver.resolveAutowiredArgument(ConstructorResolver.java:913)
	at org.springframework.beans.factory.support.ConstructorResolver.createArgumentArray(ConstructorResolver.java:791)
	... 66 common frames omitted
Caused by: org.springframework.beans.factory.BeanCreationException: Error creating bean with name 'userRepository' defined in com.enterprise.scheduler.user.UserRepository defined in @EnableJpaRepositories declared on JpaRepositoriesRegistrar.EnableJpaRepositoriesConfiguration: Cannot resolve reference to bean 'jpaSharedEM_entityManagerFactory' while setting bean property 'entityManager'
	at org.springframework.beans.factory.support.BeanDefinitionValueResolver.resolveReference(BeanDefinitionValueResolver.java:377)
	at org.springframework.beans.factory.support.BeanDefinitionValueResolver.resolveValueIfNecessary(BeanDefinitionValueResolver.java:135)
	at org.springframework.beans.factory.support.AbstractAutowireCapableBeanFactory.applyPropertyValues(AbstractAutowireCapableBeanFactory.java:1725)
	at org.springframework.beans.factory.support.AbstractAutowireCapableBeanFactory.populateBean(AbstractAutowireCapableBeanFactory.java:1474)
	at org.springframework.beans.factory.support.AbstractAutowireCapableBeanFactory.doCreateBean(AbstractAutowireCapableBeanFactory.java:606)
	at org.springframework.beans.factory.support.AbstractAutowireCapableBeanFactory.createBean(AbstractAutowireCapableBeanFactory.java:529)
	at org.springframework.beans.factory.support.AbstractBeanFactory.lambda$doGetBean$0(AbstractBeanFactory.java:339)
	at org.springframework.beans.factory.support.DefaultSingletonBeanRegistry.getSingleton(DefaultSingletonBeanRegistry.java:373)
	at org.springframework.beans.factory.support.AbstractBeanFactory.doGetBean(AbstractBeanFactory.java:337)
	at org.springframework.beans.factory.support.AbstractBeanFactory.getBean(AbstractBeanFactory.java:202)
	at org.springframework.beans.factory.support.DefaultListableBeanFactory.doResolveDependency(DefaultListableBeanFactory.java:1682)
	at org.springframework.beans.factory.support.DefaultListableBeanFactory.resolveDependency(DefaultListableBeanFactory.java:1628)
	at org.springframework.beans.factory.support.ConstructorResolver.resolveAutowiredArgument(ConstructorResolver.java:913)
	at org.springframework.beans.factory.support.ConstructorResolver.createArgumentArray(ConstructorResolver.java:791)
	... 79 common frames omitted
Caused by: org.springframework.beans.factory.BeanCreationException: Error creating bean with name 'jpaSharedEM_entityManagerFactory': Cannot resolve reference to bean 'entityManagerFactory' while setting constructor argument
	at org.springframework.beans.factory.support.BeanDefinitionValueResolver.resolveReference(BeanDefinitionValueResolver.java:377)
	at org.springframework.beans.factory.support.BeanDefinitionValueResolver.resolveValueIfNecessary(BeanDefinitionValueResolver.java:135)
	at org.springframework.beans.factory.support.ConstructorResolver.resolveConstructorArguments(ConstructorResolver.java:691)
	at org.springframework.beans.factory.support.ConstructorResolver.instantiateUsingFactoryMethod(ConstructorResolver.java:513)
	at org.springframework.beans.factory.support.AbstractAutowireCapableBeanFactory.instantiateUsingFactoryMethod(AbstractAutowireCapableBeanFactory.java:1375)
	at org.springframework.beans.factory.support.AbstractAutowireCapableBeanFactory.createBeanInstance(AbstractAutowireCapableBeanFactory.java:1205)
	at org.springframework.beans.factory.support.AbstractAutowireCapableBeanFactory.doCreateBean(AbstractAutowireCapableBeanFactory.java:569)
	at org.springframework.beans.factory.support.AbstractAutowireCapableBeanFactory.createBean(AbstractAutowireCapableBeanFactory.java:529)
	at org.springframework.beans.factory.support.AbstractBeanFactory.lambda$doGetBean$0(AbstractBeanFactory.java:339)
	at org.springframework.beans.factory.support.DefaultSingletonBeanRegistry.getSingleton(DefaultSingletonBeanRegistry.java:373)
	at org.springframework.beans.factory.support.AbstractBeanFactory.doGetBean(AbstractBeanFactory.java:337)
	at org.springframework.beans.factory.support.AbstractBeanFactory.getBean(AbstractBeanFactory.java:202)
	at org.springframework.beans.factory.support.BeanDefinitionValueResolver.resolveReference(BeanDefinitionValueResolver.java:365)
	... 92 common frames omitted
Caused by: org.springframework.beans.factory.BeanCreationException: Error creating bean with name 'flywayInitializer' defined in class path resource [org/springframework/boot/autoconfigure/flyway/FlywayAutoConfiguration$FlywayConfiguration.class]: Invalid migration state 'checksum'. Valid states are: [*, missing, pending, ignored, future]
	at org.springframework.beans.factory.support.AbstractAutowireCapableBeanFactory.initializeBean(AbstractAutowireCapableBeanFactory.java:1826)
	at org.springframework.beans.factory.support.AbstractAutowireCapableBeanFactory.doCreateBean(AbstractAutowireCapableBeanFactory.java:607)
	at org.springframework.beans.factory.support.AbstractAutowireCapableBeanFactory.createBean(AbstractAutowireCapableBeanFactory.java:529)
	at org.springframework.beans.factory.support.AbstractBeanFactory.lambda$doGetBean$0(AbstractBeanFactory.java:339)
	at org.springframework.beans.factory.support.DefaultSingletonBeanRegistry.getSingleton(DefaultSingletonBeanRegistry.java:373)
	at org.springframework.beans.factory.support.AbstractBeanFactory.doGetBean(AbstractBeanFactory.java:337)
	at org.springframework.beans.factory.support.AbstractBeanFactory.getBean(AbstractBeanFactory.java:202)
	at org.springframework.beans.factory.support.AbstractBeanFactory.doGetBean(AbstractBeanFactory.java:315)
	at org.springframework.beans.factory.support.AbstractBeanFactory.getBean(AbstractBeanFactory.java:202)
	at org.springframework.beans.factory.support.BeanDefinitionValueResolver.resolveReference(BeanDefinitionValueResolver.java:365)
	... 104 common frames omitted
Caused by: org.flywaydb.core.api.FlywayException: Invalid migration state 'checksum'. Valid states are: [*, missing, pending, ignored, future]
	at org.flywaydb.core.api.pattern.ValidatePattern.fromPattern(ValidatePattern.java:67)
	at java.base/java.util.stream.ReferencePipeline$3$1.accept(ReferencePipeline.java:214)
	at java.base/java.util.Spliterators$ArraySpliterator.forEachRemaining(Spliterators.java:1024)
	at java.base/java.util.stream.AbstractPipeline.copyInto(AbstractPipeline.java:570)
	at java.base/java.util.stream.AbstractPipeline.wrapAndCopyInto(AbstractPipeline.java:560)
	at java.base/java.util.stream.AbstractPipeline.evaluate(AbstractPipeline.java:635)
	at java.base/java.util.stream.AbstractPipeline.evaluateToArrayNode(AbstractPipeline.java:291)
	at java.base/java.util.stream.ReferencePipeline.toArray(ReferencePipeline.java:652)
	at org.flywaydb.core.api.configuration.ClassicConfiguration.getIgnoreMigrationPatterns(ClassicConfiguration.java:559)
	at org.flywaydb.core.Flyway.lambda$migrate$1(Flyway.java:197)
	at org.flywaydb.core.FlywayExecutor.execute(FlywayExecutor.java:210)
	at org.flywaydb.core.Flyway.migrate(Flyway.java:188)
	at org.springframework.boot.autoconfigure.flyway.FlywayMigrationInitializer.afterPropertiesSet(FlywayMigrationInitializer.java:66)
	at org.springframework.beans.factory.support.AbstractAutowireCapableBeanFactory.invokeInitMethods(AbstractAutowireCapableBeanFactory.java:1873)
	at org.springframework.beans.factory.support.AbstractAutowireCapableBeanFactory.initializeBean(AbstractAutowireCapableBeanFactory.java:1822)
	... 113 common frames omitted
